scenario_id,scenario_name,campaign_number,affected_vehicles,remedy_type,parts_per_week,slots_per_week,n_regions,strategy,created_at,week_number,region,vehicles_invited,vehicles_completed,backlog,bottleneck
3,21V00D000_notify_all,21V00D000,356309,Hardware Service,8000,12000,5,notify_all,2026-07-23 19:07:46,1,R1,71265,1600,69665,parts
3,21V00D000_notify_all,21V00D000,356309,Hardware Service,8000,12000,5,notify_all,2026-07-23 19:07:46,1,R2,71261,1600,69661,parts
3,21V00D000_notify_all,21V00D000,356309,Hardware Service,8000,12000,5,notify_all,2026-07-23 19:07:46,1,R3,71261,1600,69661,parts
3,21V00D000_notify_all,21V00D000,356309,Hardware Service,8000,12000,5,notify_all,2026-07-23 19:07:46,1,R4,71261,1600,69661,parts
3,21V00D000_notify_all,21V00D000,356309,Hardware Service,8000,12000,5,notify_all,2026-07-23 19:07:46,1,R5,71261,1600,69661,parts
3,21V00D000_notify_all,21V00D000,356309,Hardware Service,8000,12000,5,notify_all,2026-07-23 19:07:46,2,R1,0,1600,68065,parts
3,21V00D000_notify_all,21V00D000,356309,Hardware Service,8000,12000,5,notify_all,2026-07-23 19:07:46,2,R2,0,1600,68061,parts
3,21V00D000_notify_all,21V00D000,356309,Hardware Service,8000,12000,5,notify_all,2026-07-23 19:07:46,2,R3,0,1600,68061,parts
3,21V00D000_notify_all,21V00D000,356309,Hardware Service,8000,12000,5,notify_all,2026-07-23 19:07:46,2,R4,0,1600,68061,parts
3,21V00D000_notify_all,21V00D000,356309,Hardware Service,8000,12000,5,notify_all,2026-07-23 19:07:46,2,R5,0,1600,68061,parts
3,21V00D000_notify_all,21V00D000,356309,Hardware Service,8000,12000,5,notify_all,2026-07-23 19:07:46,3,R1,0,1600,66465,parts
3,21V00D000_notify_all,21V00D000,356309,Hardware Service,8000,12000,5,notify_all,2026-07-23 19:07:46,3,R2,0,1600,66461,parts
3,21V00D000_notify_all,21V00D000,356309,Hardware Service,8000,12000,5,notify_all,2026-07-23 19:07:46,3,R3,0,1600,66461,parts
3,21V00D000_notify_all,21V00D000,356309,Hardware Service,8000,12000,5,notify_all,2026-07-23 19:07:46,3,R4,0,1600,66461,parts
3,21V00D000_notify_all,21V00D000,356309,Hardware Service,8000,12000,5,notify_all,2026-07-23 19:07:46,3,R5,0,1600,66461,parts
3,21V00D000_notify_all,21V00D000,356309,Hardware Service,8000,12000,5,notify_all,2026-07-23 19:07:46,4,R1,0,1600,64865,parts
3,21V00D000_notify_all,21V00D000,356309,Hardware Service,8000,12000,5,notify_all,2026-07-23 19:07:46,4,R2,0,1600,64861,parts
3,21V00D000_notify_all,21V00D000,356309,Hardware Service,8000,12000,5,notify_all,2026-07-23 19:07:46,4,R3,0,1600,64861,parts
3,21V00D000_notify_all,21V00D000,356309,Hardware Service,8000,12000,5,notify_all,2026-07-23 19:07:46,4,R4,0,1600,64861,parts
3,21V00D000_notify_all,21V00D000,356309,Hardware Service,8000,12000,5,notify_all,2026-07-23 19:07:46,4,R5,0,1600,64861,parts
3,21V00D000_notify_all,21V00D000,356309,Hardware Service,8000,12000,5,notify_all,2026-07-23 19:07:46,5,R1,0,1600,63265,parts
3,21V00D000_notify_all,21V00D000,356309,Hardware Service,8000,12000,5,notify_all,2026-07-23 19:07:46,5,R2,0,1600,63261,parts
3,21V00D000_notify_all,21V00D000,356309,Hardware Service,8000,12000,5,notify_all,2026-07-23 19:07:46,5,R3,0,1600,63261,parts
3,21V00D000_notify_all,21V00D000,356309,Hardware Service,8000,12000,5,notify_all,2026-07-23 19:07:46,5,R4,0,1600,63261,parts
3,21V00D000_notify_all,21V00D000,356309,Hardware Service,8000,12000,5,notify_all,2026-07-23 19:07:46,5,R5,0,1600,63261,parts
3,21V00D000_notify_all,21V00D000,356309,Hardware Service,8000,12000,5,notify_all,2026-07-23 19:07:46,6,R1,0,1600,61665,parts
3,21V00D000_notify_all,21V00D000,356309,Hardware Service,8000,12000,5,notify_all,2026-07-23 19:07:46,6,R2,0,1600,61661,parts
3,21V00D000_notify_all,21V00D000,356309,Hardware Service,8000,12000,5,notify_all,2026-07-23 19:07:46,6,R3,0,1600,61661,parts
3,21V00D000_notify_all,21V00D000,356309,Hardware Service,8000,12000,5,notify_all,2026-07-23 19:07:46,6,R4,0,1600,61661,parts
3,21V00D000_notify_all,21V00D000,356309,Hardware Service,8000,12000,5,notify_all,2026-07-23 19:07:46,6,R5,0,1600,61661,parts
3,21V00D000_notify_all,21V00D000,356309,Hardware Service,8000,12000,5,notify_all,2026-07-23 19:07:46,7,R1,0,1600,60065,parts
3,21V00D000_notify_all,21V00D000,356309,Hardware Service,8000,12000,5,notify_all,2026-07-23 19:07:46,7,R2,0,1600,60061,parts
3,21V00D000_notify_all,21V00D000,356309,Hardware Service,8000,12000,5,notify_all,2026-07-23 19:07:46,7,R3,0,1600,60061,parts
3,21V00D000_notify_all,21V00D000,356309,Hardware Service,8000,12000,5,notify_all,2026-07-23 19:07:46,7,R4,0,1600,60061,parts
3,21V00D000_notify_all,21V00D000,356309,Hardware Service,8000,12000,5,notify_all,2026-07-23 19:07:46,7,R5,0,1600,60061,parts
3,21V00D000_notify_all,21V00D000,356309,Hardware Service,8000,12000,5,notify_all,2026-07-23 19:07:46,8,R1,0,1600,58465,parts
3,21V00D000_notify_all,21V00D000,356309,Hardware Service,8000,12000,5,notify_all,2026-07-23 19:07:46,8,R2,0,1600,58461,parts
3,21V00D000_notify_all,21V00D000,356309,Hardware Service,8000,12000,5,notify_all,2026-07-23 19:07:46,8,R3,0,1600,58461,parts
3,21V00D000_notify_all,21V00D000,356309,Hardware Service,8000,12000,5,notify_all,2026-07-23 19:07:46,8,R4,0,1600,58461,parts
3,21V00D000_notify_all,21V00D000,356309,Hardware Service,8000,12000,5,notify_all,2026-07-23 19:07:46,8,R5,0,1600,58461,parts
3,21V00D000_notify_all,21V00D000,356309,Hardware Service,8000,12000,5,notify_all,2026-07-23 19:07:46,9,R1,0,1600,56865,parts
3,21V00D000_notify_all,21V00D000,356309,Hardware Service,8000,12000,5,notify_all,2026-07-23 19:07:46,9,R2,0,1600,56861,parts
3,21V00D000_notify_all,21V00D000,356309,Hardware Service,8000,12000,5,notify_all,2026-07-23 19:07:46,9,R3,0,1600,56861,parts
3,21V00D000_notify_all,21V00D000,356309,Hardware Service,8000,12000,5,notify_all,2026-07-23 19:07:46,9,R4,0,1600,56861,parts
3,21V00D000_notify_all,21V00D000,356309,Hardware Service,8000,12000,5,notify_all,2026-07-23 19:07:46,9,R5,0,1600,56861,parts
3,21V00D000_notify_all,21V00D000,356309,Hardware Service,8000,12000,5,notify_all,2026-07-23 19:07:46,10,R1,0,1600,55265,parts
3,21V00D000_notify_all,21V00D000,356309,Hardware Service,8000,12000,5,notify_all,2026-07-23 19:07:46,10,R2,0,1600,55261,parts
3,21V00D000_notify_all,21V00D000,356309,Hardware Service,8000,12000,5,notify_all,2026-07-23 19:07:46,10,R3,0,1600,55261,parts
3,21V00D000_notify_all,21V00D000,356309,Hardware Service,8000,12000,5,notify_all,2026-07-23 19:07:46,10,R4,0,1600,55261,parts
3,21V00D000_notify_all,21V00D000,356309,Hardware Service,8000,12000,5,notify_all,2026-07-23 19:07:46,10,R5,0,1600,55261,parts
3,21V00D000_notify_all,21V00D000,356309,Hardware Service,8000,12000,5,notify_all,2026-07-23 19:07:46,11,R1,0,1600,53665,parts
3,21V00D000_notify_all,21V00D000,356309,Hardware Service,8000,12000,5,notify_all,2026-07-23 19:07:46,11,R2,0,1600,53661,parts
3,21V00D000_notify_all,21V00D000,356309,Hardware Service,8000,12000,5,notify_all,2026-07-23 19:07:46,11,R3,0,1600,53661,parts
3,21V00D000_notify_all,21V00D000,356309,Hardware Service,8000,12000,5,notify_all,2026-07-23 19:07:46,11,R4,0,1600,53661,parts
3,21V00D000_notify_all,21V00D000,356309,Hardware Service,8000,12000,5,notify_all,2026-07-23 19:07:46,11,R5,0,1600,53661,parts
3,21V00D000_notify_all,21V00D000,356309,Hardware Service,8000,12000,5,notify_all,2026-07-23 19:07:46,12,R1,0,1600,52065,parts
3,21V00D000_notify_all,21V00D000,356309,Hardware Service,8000,12000,5,notify_all,2026-07-23 19:07:46,12,R2,0,1600,52061,parts
3,21V00D000_notify_all,21V00D000,356309,Hardware Service,8000,12000,5,notify_all,2026-07-23 19:07:46,12,R3,0,1600,52061,parts
3,21V00D000_notify_all,21V00D000,356309,Hardware Service,8000,12000,5,notify_all,2026-07-23 19:07:46,12,R4,0,1600,52061,parts
3,21V00D000_notify_all,21V00D000,356309,Hardware Service,8000,12000,5,notify_all,2026-07-23 19:07:46,12,R5,0,1600,52061,parts
3,21V00D000_notify_all,21V00D000,356309,Hardware Service,8000,12000,5,notify_all,2026-07-23 19:07:46,13,R1,0,1600,50465,parts
3,21V00D000_notify_all,21V00D000,356309,Hardware Service,8000,12000,5,notify_all,2026-07-23 19:07:46,13,R2,0,1600,50461,parts
3,21V00D000_notify_all,21V00D000,356309,Hardware Service,8000,12000,5,notify_all,2026-07-23 19:07:46,13,R3,0,1600,50461,parts
3,21V00D000_notify_all,21V00D000,356309,Hardware Service,8000,12000,5,notify_all,2026-07-23 19:07:46,13,R4,0,1600,50461,parts
3,21V00D000_notify_all,21V00D000,356309,Hardware Service,8000,12000,5,notify_all,2026-07-23 19:07:46,13,R5,0,1600,50461,parts
3,21V00D000_notify_all,21V00D000,356309,Hardware Service,8000,12000,5,notify_all,2026-07-23 19:07:46,14,R1,0,1600,48865,parts
3,21V00D000_notify_all,21V00D000,356309,Hardware Service,8000,12000,5,notify_all,2026-07-23 19:07:46,14,R2,0,1600,48861,parts
3,21V00D000_notify_all,21V00D000,356309,Hardware Service,8000,12000,5,notify_all,2026-07-23 19:07:46,14,R3,0,1600,48861,parts
3,21V00D000_notify_all,21V00D000,356309,Hardware Service,8000,12000,5,notify_all,2026-07-23 19:07:46,14,R4,0,1600,48861,parts
3,21V00D000_notify_all,21V00D000,356309,Hardware Service,8000,12000,5,notify_all,2026-07-23 19:07:46,14,R5,0,1600,48861,parts
3,21V00D000_notify_all,21V00D000,356309,Hardware Service,8000,12000,5,notify_all,2026-07-23 19:07:46,15,R1,0,1600,47265,parts
3,21V00D000_notify_all,21V00D000,356309,Hardware Service,8000,12000,5,notify_all,2026-07-23 19:07:46,15,R2,0,1600,47261,parts
3,21V00D000_notify_all,21V00D000,356309,Hardware Service,8000,12000,5,notify_all,2026-07-23 19:07:46,15,R3,0,1600,47261,parts
3,21V00D000_notify_all,21V00D000,356309,Hardware Service,8000,12000,5,notify_all,2026-07-23 19:07:46,15,R4,0,1600,47261,parts
3,21V00D000_notify_all,21V00D000,356309,Hardware Service,8000,12000,5,notify_all,2026-07-23 19:07:46,15,R5,0,1600,47261,parts
3,21V00D000_notify_all,21V00D000,356309,Hardware Service,8000,12000,5,notify_all,2026-07-23 19:07:46,16,R1,0,1600,45665,parts
3,21V00D000_notify_all,21V00D000,356309,Hardware Service,8000,12000,5,notify_all,2026-07-23 19:07:46,16,R2,0,1600,45661,parts
3,21V00D000_notify_all,21V00D000,356309,Hardware Service,8000,12000,5,notify_all,2026-07-23 19:07:46,16,R3,0,1600,45661,parts
3,21V00D000_notify_all,21V00D000,356309,Hardware Service,8000,12000,5,notify_all,2026-07-23 19:07:46,16,R4,0,1600,45661,parts
3,21V00D000_notify_all,21V00D000,356309,Hardware Service,8000,12000,5,notify_all,2026-07-23 19:07:46,16,R5,0,1600,45661,parts
3,21V00D000_notify_all,21V00D000,356309,Hardware Service,8000,12000,5,notify_all,2026-07-23 19:07:46,17,R1,0,1600,44065,parts
3,21V00D000_notify_all,21V00D000,356309,Hardware Service,8000,12000,5,notify_all,2026-07-23 19:07:46,17,R2,0,1600,44061,parts
3,21V00D000_notify_all,21V00D000,356309,Hardware Service,8000,12000,5,notify_all,2026-07-23 19:07:46,17,R3,0,1600,44061,parts
3,21V00D000_notify_all,21V00D000,356309,Hardware Service,8000,12000,5,notify_all,2026-07-23 19:07:46,17,R4,0,1600,44061,parts
3,21V00D000_notify_all,21V00D000,356309,Hardware Service,8000,12000,5,notify_all,2026-07-23 19:07:46,17,R5,0,1600,44061,parts
3,21V00D000_notify_all,21V00D000,356309,Hardware Service,8000,12000,5,notify_all,2026-07-23 19:07:46,18,R1,0,1600,42465,parts
3,21V00D000_notify_all,21V00D000,356309,Hardware Service,8000,12000,5,notify_all,2026-07-23 19:07:46,18,R2,0,1600,42461,parts
3,21V00D000_notify_all,21V00D000,356309,Hardware Service,8000,12000,5,notify_all,2026-07-23 19:07:46,18,R3,0,1600,42461,parts
3,21V00D000_notify_all,21V00D000,356309,Hardware Service,8000,12000,5,notify_all,2026-07-23 19:07:46,18,R4,0,1600,42461,parts
3,21V00D000_notify_all,21V00D000,356309,Hardware Service,8000,12000,5,notify_all,2026-07-23 19:07:46,18,R5,0,1600,42461,parts
3,21V00D000_notify_all,21V00D000,356309,Hardware Service,8000,12000,5,notify_all,2026-07-23 19:07:46,19,R1,0,1600,40865,parts
3,21V00D000_notify_all,21V00D000,356309,Hardware Service,8000,12000,5,notify_all,2026-07-23 19:07:46,19,R2,0,1600,40861,parts
3,21V00D000_notify_all,21V00D000,356309,Hardware Service,8000,12000,5,notify_all,2026-07-23 19:07:46,19,R3,0,1600,40861,parts
3,21V00D000_notify_all,21V00D000,356309,Hardware Service,8000,12000,5,notify_all,2026-07-23 19:07:46,19,R4,0,1600,40861,parts
3,21V00D000_notify_all,21V00D000,356309,Hardware Service,8000,12000,5,notify_all,2026-07-23 19:07:46,19,R5,0,1600,40861,parts
3,21V00D000_notify_all,21V00D000,356309,Hardware Service,8000,12000,5,notify_all,2026-07-23 19:07:46,20,R1,0,1600,39265,parts
3,21V00D000_notify_all,21V00D000,356309,Hardware Service,8000,12000,5,notify_all,2026-07-23 19:07:46,20,R2,0,1600,39261,parts
3,21V00D000_notify_all,21V00D000,356309,Hardware Service,8000,12000,5,notify_all,2026-07-23 19:07:46,20,R3,0,1600,39261,parts
3,21V00D000_notify_all,21V00D000,356309,Hardware Service,8000,12000,5,notify_all,2026-07-23 19:07:46,20,R4,0,1600,39261,parts
3,21V00D000_notify_all,21V00D000,356309,Hardware Service,8000,12000,5,notify_all,2026-07-23 19:07:46,20,R5,0,1600,39261,parts
3,21V00D000_notify_all,21V00D000,356309,Hardware Service,8000,12000,5,notify_all,2026-07-23 19:07:46,21,R1,0,1600,37665,parts
3,21V00D000_notify_all,21V00D000,356309,Hardware Service,8000,12000,5,notify_all,2026-07-23 19:07:46,21,R2,0,1600,37661,parts
3,21V00D000_notify_all,21V00D000,356309,Hardware Service,8000,12000,5,notify_all,2026-07-23 19:07:46,21,R3,0,1600,37661,parts
3,21V00D000_notify_all,21V00D000,356309,Hardware Service,8000,12000,5,notify_all,2026-07-23 19:07:46,21,R4,0,1600,37661,parts
3,21V00D000_notify_all,21V00D000,356309,Hardware Service,8000,12000,5,notify_all,2026-07-23 19:07:46,21,R5,0,1600,37661,parts
3,21V00D000_notify_all,21V00D000,356309,Hardware Service,8000,12000,5,notify_all,2026-07-23 19:07:46,22,R1,0,1600,36065,parts
3,21V00D000_notify_all,21V00D000,356309,Hardware Service,8000,12000,5,notify_all,2026-07-23 19:07:46,22,R2,0,1600,36061,parts
3,21V00D000_notify_all,21V00D000,356309,Hardware Service,8000,12000,5,notify_all,2026-07-23 19:07:46,22,R3,0,1600,36061,parts
3,21V00D000_notify_all,21V00D000,356309,Hardware Service,8000,12000,5,notify_all,2026-07-23 19:07:46,22,R4,0,1600,36061,parts
3,21V00D000_notify_all,21V00D000,356309,Hardware Service,8000,12000,5,notify_all,2026-07-23 19:07:46,22,R5,0,1600,36061,parts
3,21V00D000_notify_all,21V00D000,356309,Hardware Service,8000,12000,5,notify_all,2026-07-23 19:07:46,23,R1,0,1600,34465,parts
3,21V00D000_notify_all,21V00D000,356309,Hardware Service,8000,12000,5,notify_all,2026-07-23 19:07:46,23,R2,0,1600,34461,parts
3,21V00D000_notify_all,21V00D000,356309,Hardware Service,8000,12000,5,notify_all,2026-07-23 19:07:46,23,R3,0,1600,34461,parts
3,21V00D000_notify_all,21V00D000,356309,Hardware Service,8000,12000,5,notify_all,2026-07-23 19:07:46,23,R4,0,1600,34461,parts
3,21V00D000_notify_all,21V00D000,356309,Hardware Service,8000,12000,5,notify_all,2026-07-23 19:07:46,23,R5,0,1600,34461,parts
3,21V00D000_notify_all,21V00D000,356309,Hardware Service,8000,12000,5,notify_all,2026-07-23 19:07:46,24,R1,0,1600,32865,parts
3,21V00D000_notify_all,21V00D000,356309,Hardware Service,8000,12000,5,notify_all,2026-07-23 19:07:46,24,R2,0,1600,32861,parts
3,21V00D000_notify_all,21V00D000,356309,Hardware Service,8000,12000,5,notify_all,2026-07-23 19:07:46,24,R3,0,1600,32861,parts
3,21V00D000_notify_all,21V00D000,356309,Hardware Service,8000,12000,5,notify_all,2026-07-23 19:07:46,24,R4,0,1600,32861,parts
3,21V00D000_notify_all,21V00D000,356309,Hardware Service,8000,12000,5,notify_all,2026-07-23 19:07:46,24,R5,0,1600,32861,parts
3,21V00D000_notify_all,21V00D000,356309,Hardware Service,8000,12000,5,notify_all,2026-07-23 19:07:46,25,R1,0,1600,31265,parts
3,21V00D000_notify_all,21V00D000,356309,Hardware Service,8000,12000,5,notify_all,2026-07-23 19:07:46,25,R2,0,1600,31261,parts
3,21V00D000_notify_all,21V00D000,356309,Hardware Service,8000,12000,5,notify_all,2026-07-23 19:07:46,25,R3,0,1600,31261,parts
3,21V00D000_notify_all,21V00D000,356309,Hardware Service,8000,12000,5,notify_all,2026-07-23 19:07:46,25,R4,0,1600,31261,parts
3,21V00D000_notify_all,21V00D000,356309,Hardware Service,8000,12000,5,notify_all,2026-07-23 19:07:46,25,R5,0,1600,31261,parts
3,21V00D000_notify_all,21V00D000,356309,Hardware Service,8000,12000,5,notify_all,2026-07-23 19:07:46,26,R1,0,1600,29665,parts
3,21V00D000_notify_all,21V00D000,356309,Hardware Service,8000,12000,5,notify_all,2026-07-23 19:07:46,26,R2,0,1600,29661,parts
3,21V00D000_notify_all,21V00D000,356309,Hardware Service,8000,12000,5,notify_all,2026-07-23 19:07:46,26,R3,0,1600,29661,parts
3,21V00D000_notify_all,21V00D000,356309,Hardware Service,8000,12000,5,notify_all,2026-07-23 19:07:46,26,R4,0,1600,29661,parts
3,21V00D000_notify_all,21V00D000,356309,Hardware Service,8000,12000,5,notify_all,2026-07-23 19:07:46,26,R5,0,1600,29661,parts
3,21V00D000_notify_all,21V00D000,356309,Hardware Service,8000,12000,5,notify_all,2026-07-23 19:07:46,27,R1,0,1600,28065,parts
3,21V00D000_notify_all,21V00D000,356309,Hardware Service,8000,12000,5,notify_all,2026-07-23 19:07:46,27,R2,0,1600,28061,parts
3,21V00D000_notify_all,21V00D000,356309,Hardware Service,8000,12000,5,notify_all,2026-07-23 19:07:46,27,R3,0,1600,28061,parts
3,21V00D000_notify_all,21V00D000,356309,Hardware Service,8000,12000,5,notify_all,2026-07-23 19:07:46,27,R4,0,1600,28061,parts
3,21V00D000_notify_all,21V00D000,356309,Hardware Service,8000,12000,5,notify_all,2026-07-23 19:07:46,27,R5,0,1600,28061,parts
3,21V00D000_notify_all,21V00D000,356309,Hardware Service,8000,12000,5,notify_all,2026-07-23 19:07:46,28,R1,0,1600,26465,parts
3,21V00D000_notify_all,21V00D000,356309,Hardware Service,8000,12000,5,notify_all,2026-07-23 19:07:46,28,R2,0,1600,26461,parts
3,21V00D000_notify_all,21V00D000,356309,Hardware Service,8000,12000,5,notify_all,2026-07-23 19:07:46,28,R3,0,1600,26461,parts
3,21V00D000_notify_all,21V00D000,356309,Hardware Service,8000,12000,5,notify_all,2026-07-23 19:07:46,28,R4,0,1600,26461,parts
3,21V00D000_notify_all,21V00D000,356309,Hardware Service,8000,12000,5,notify_all,2026-07-23 19:07:46,28,R5,0,1600,26461,parts
3,21V00D000_notify_all,21V00D000,356309,Hardware Service,8000,12000,5,notify_all,2026-07-23 19:07:46,29,R1,0,1600,24865,parts
3,21V00D000_notify_all,21V00D000,356309,Hardware Service,8000,12000,5,notify_all,2026-07-23 19:07:46,29,R2,0,1600,24861,parts
3,21V00D000_notify_all,21V00D000,356309,Hardware Service,8000,12000,5,notify_all,2026-07-23 19:07:46,29,R3,0,1600,24861,parts
3,21V00D000_notify_all,21V00D000,356309,Hardware Service,8000,12000,5,notify_all,2026-07-23 19:07:46,29,R4,0,1600,24861,parts
3,21V00D000_notify_all,21V00D000,356309,Hardware Service,8000,12000,5,notify_all,2026-07-23 19:07:46,29,R5,0,1600,24861,parts
3,21V00D000_notify_all,21V00D000,356309,Hardware Service,8000,12000,5,notify_all,2026-07-23 19:07:46,30,R1,0,1600,23265,parts
3,21V00D000_notify_all,21V00D000,356309,Hardware Service,8000,12000,5,notify_all,2026-07-23 19:07:46,30,R2,0,1600,23261,parts
3,21V00D000_notify_all,21V00D000,356309,Hardware Service,8000,12000,5,notify_all,2026-07-23 19:07:46,30,R3,0,1600,23261,parts
3,21V00D000_notify_all,21V00D000,356309,Hardware Service,8000,12000,5,notify_all,2026-07-23 19:07:46,30,R4,0,1600,23261,parts
3,21V00D000_notify_all,21V00D000,356309,Hardware Service,8000,12000,5,notify_all,2026-07-23 19:07:46,30,R5,0,1600,23261,parts
3,21V00D000_notify_all,21V00D000,356309,Hardware Service,8000,12000,5,notify_all,2026-07-23 19:07:46,31,R1,0,1600,21665,parts
3,21V00D000_notify_all,21V00D000,356309,Hardware Service,8000,12000,5,notify_all,2026-07-23 19:07:46,31,R2,0,1600,21661,parts
3,21V00D000_notify_all,21V00D000,356309,Hardware Service,8000,12000,5,notify_all,2026-07-23 19:07:46,31,R3,0,1600,21661,parts
3,21V00D000_notify_all,21V00D000,356309,Hardware Service,8000,12000,5,notify_all,2026-07-23 19:07:46,31,R4,0,1600,21661,parts
3,21V00D000_notify_all,21V00D000,356309,Hardware Service,8000,12000,5,notify_all,2026-07-23 19:07:46,31,R5,0,1600,21661,parts
3,21V00D000_notify_all,21V00D000,356309,Hardware Service,8000,12000,5,notify_all,2026-07-23 19:07:46,32,R1,0,1600,20065,parts
3,21V00D000_notify_all,21V00D000,356309,Hardware Service,8000,12000,5,notify_all,2026-07-23 19:07:46,32,R2,0,1600,20061,parts
3,21V00D000_notify_all,21V00D000,356309,Hardware Service,8000,12000,5,notify_all,2026-07-23 19:07:46,32,R3,0,1600,20061,parts
3,21V00D000_notify_all,21V00D000,356309,Hardware Service,8000,12000,5,notify_all,2026-07-23 19:07:46,32,R4,0,1600,20061,parts
3,21V00D000_notify_all,21V00D000,356309,Hardware Service,8000,12000,5,notify_all,2026-07-23 19:07:46,32,R5,0,1600,20061,parts
3,21V00D000_notify_all,21V00D000,356309,Hardware Service,8000,12000,5,notify_all,2026-07-23 19:07:46,33,R1,0,1600,18465,parts
3,21V00D000_notify_all,21V00D000,356309,Hardware Service,8000,12000,5,notify_all,2026-07-23 19:07:46,33,R2,0,1600,18461,parts
3,21V00D000_notify_all,21V00D000,356309,Hardware Service,8000,12000,5,notify_all,2026-07-23 19:07:46,33,R3,0,1600,18461,parts
3,21V00D000_notify_all,21V00D000,356309,Hardware Service,8000,12000,5,notify_all,2026-07-23 19:07:46,33,R4,0,1600,18461,parts
3,21V00D000_notify_all,21V00D000,356309,Hardware Service,8000,12000,5,notify_all,2026-07-23 19:07:46,33,R5,0,1600,18461,parts
3,21V00D000_notify_all,21V00D000,356309,Hardware Service,8000,12000,5,notify_all,2026-07-23 19:07:46,34,R1,0,1600,16865,parts
3,21V00D000_notify_all,21V00D000,356309,Hardware Service,8000,12000,5,notify_all,2026-07-23 19:07:46,34,R2,0,1600,16861,parts
3,21V00D000_notify_all,21V00D000,356309,Hardware Service,8000,12000,5,notify_all,2026-07-23 19:07:46,34,R3,0,1600,16861,parts
3,21V00D000_notify_all,21V00D000,356309,Hardware Service,8000,12000,5,notify_all,2026-07-23 19:07:46,34,R4,0,1600,16861,parts
3,21V00D000_notify_all,21V00D000,356309,Hardware Service,8000,12000,5,notify_all,2026-07-23 19:07:46,34,R5,0,1600,16861,parts
3,21V00D000_notify_all,21V00D000,356309,Hardware Service,8000,12000,5,notify_all,2026-07-23 19:07:46,35,R1,0,1600,15265,parts
3,21V00D000_notify_all,21V00D000,356309,Hardware Service,8000,12000,5,notify_all,2026-07-23 19:07:46,35,R2,0,1600,15261,parts
3,21V00D000_notify_all,21V00D000,356309,Hardware Service,8000,12000,5,notify_all,2026-07-23 19:07:46,35,R3,0,1600,15261,parts
3,21V00D000_notify_all,21V00D000,356309,Hardware Service,8000,12000,5,notify_all,2026-07-23 19:07:46,35,R4,0,1600,15261,parts
3,21V00D000_notify_all,21V00D000,356309,Hardware Service,8000,12000,5,notify_all,2026-07-23 19:07:46,35,R5,0,1600,15261,parts
3,21V00D000_notify_all,21V00D000,356309,Hardware Service,8000,12000,5,notify_all,2026-07-23 19:07:46,36,R1,0,1600,13665,parts
3,21V00D000_notify_all,21V00D000,356309,Hardware Service,8000,12000,5,notify_all,2026-07-23 19:07:46,36,R2,0,1600,13661,parts
3,21V00D000_notify_all,21V00D000,356309,Hardware Service,8000,12000,5,notify_all,2026-07-23 19:07:46,36,R3,0,1600,13661,parts
3,21V00D000_notify_all,21V00D000,356309,Hardware Service,8000,12000,5,notify_all,2026-07-23 19:07:46,36,R4,0,1600,13661,parts
3,21V00D000_notify_all,21V00D000,356309,Hardware Service,8000,12000,5,notify_all,2026-07-23 19:07:46,36,R5,0,1600,13661,parts
3,21V00D000_notify_all,21V00D000,356309,Hardware Service,8000,12000,5,notify_all,2026-07-23 19:07:46,37,R1,0,1600,12065,parts
3,21V00D000_notify_all,21V00D000,356309,Hardware Service,8000,12000,5,notify_all,2026-07-23 19:07:46,37,R2,0,1600,12061,parts
3,21V00D000_notify_all,21V00D000,356309,Hardware Service,8000,12000,5,notify_all,2026-07-23 19:07:46,37,R3,0,1600,12061,parts
3,21V00D000_notify_all,21V00D000,356309,Hardware Service,8000,12000,5,notify_all,2026-07-23 19:07:46,37,R4,0,1600,12061,parts
3,21V00D000_notify_all,21V00D000,356309,Hardware Service,8000,12000,5,notify_all,2026-07-23 19:07:46,37,R5,0,1600,12061,parts
3,21V00D000_notify_all,21V00D000,356309,Hardware Service,8000,12000,5,notify_all,2026-07-23 19:07:46,38,R1,0,1600,10465,parts
3,21V00D000_notify_all,21V00D000,356309,Hardware Service,8000,12000,5,notify_all,2026-07-23 19:07:46,38,R2,0,1600,10461,parts
3,21V00D000_notify_all,21V00D000,356309,Hardware Service,8000,12000,5,notify_all,2026-07-23 19:07:46,38,R3,0,1600,10461,parts
3,21V00D000_notify_all,21V00D000,356309,Hardware Service,8000,12000,5,notify_all,2026-07-23 19:07:46,38,R4,0,1600,10461,parts
3,21V00D000_notify_all,21V00D000,356309,Hardware Service,8000,12000,5,notify_all,2026-07-23 19:07:46,38,R5,0,1600,10461,parts
3,21V00D000_notify_all,21V00D000,356309,Hardware Service,8000,12000,5,notify_all,2026-07-23 19:07:46,39,R1,0,1600,8865,parts
3,21V00D000_notify_all,21V00D000,356309,Hardware Service,8000,12000,5,notify_all,2026-07-23 19:07:46,39,R2,0,1600,8861,parts
3,21V00D000_notify_all,21V00D000,356309,Hardware Service,8000,12000,5,notify_all,2026-07-23 19:07:46,39,R3,0,1600,8861,parts
3,21V00D000_notify_all,21V00D000,356309,Hardware Service,8000,12000,5,notify_all,2026-07-23 19:07:46,39,R4,0,1600,8861,parts
3,21V00D000_notify_all,21V00D000,356309,Hardware Service,8000,12000,5,notify_all,2026-07-23 19:07:46,39,R5,0,1600,8861,parts
3,21V00D000_notify_all,21V00D000,356309,Hardware Service,8000,12000,5,notify_all,2026-07-23 19:07:46,40,R1,0,1600,7265,parts
3,21V00D000_notify_all,21V00D000,356309,Hardware Service,8000,12000,5,notify_all,2026-07-23 19:07:46,40,R2,0,1600,7261,parts
3,21V00D000_notify_all,21V00D000,356309,Hardware Service,8000,12000,5,notify_all,2026-07-23 19:07:46,40,R3,0,1600,7261,parts
3,21V00D000_notify_all,21V00D000,356309,Hardware Service,8000,12000,5,notify_all,2026-07-23 19:07:46,40,R4,0,1600,7261,parts
3,21V00D000_notify_all,21V00D000,356309,Hardware Service,8000,12000,5,notify_all,2026-07-23 19:07:46,40,R5,0,1600,7261,parts
3,21V00D000_notify_all,21V00D000,356309,Hardware Service,8000,12000,5,notify_all,2026-07-23 19:07:46,41,R1,0,1600,5665,parts
3,21V00D000_notify_all,21V00D000,356309,Hardware Service,8000,12000,5,notify_all,2026-07-23 19:07:46,41,R2,0,1600,5661,parts
3,21V00D000_notify_all,21V00D000,356309,Hardware Service,8000,12000,5,notify_all,2026-07-23 19:07:46,41,R3,0,1600,5661,parts
3,21V00D000_notify_all,21V00D000,356309,Hardware Service,8000,12000,5,notify_all,2026-07-23 19:07:46,41,R4,0,1600,5661,parts
3,21V00D000_notify_all,21V00D000,356309,Hardware Service,8000,12000,5,notify_all,2026-07-23 19:07:46,41,R5,0,1600,5661,parts
3,21V00D000_notify_all,21V00D000,356309,Hardware Service,8000,12000,5,notify_all,2026-07-23 19:07:46,42,R1,0,1600,4065,parts
3,21V00D000_notify_all,21V00D000,356309,Hardware Service,8000,12000,5,notify_all,2026-07-23 19:07:46,42,R2,0,1600,4061,parts
3,21V00D000_notify_all,21V00D000,356309,Hardware Service,8000,12000,5,notify_all,2026-07-23 19:07:46,42,R3,0,1600,4061,parts
3,21V00D000_notify_all,21V00D000,356309,Hardware Service,8000,12000,5,notify_all,2026-07-23 19:07:46,42,R4,0,1600,4061,parts
3,21V00D000_notify_all,21V00D000,356309,Hardware Service,8000,12000,5,notify_all,2026-07-23 19:07:46,42,R5,0,1600,4061,parts
3,21V00D000_notify_all,21V00D000,356309,Hardware Service,8000,12000,5,notify_all,2026-07-23 19:07:46,43,R1,0,1600,2465,parts
3,21V00D000_notify_all,21V00D000,356309,Hardware Service,8000,12000,5,notify_all,2026-07-23 19:07:46,43,R2,0,1600,2461,parts
3,21V00D000_notify_all,21V00D000,356309,Hardware Service,8000,12000,5,notify_all,2026-07-23 19:07:46,43,R3,0,1600,2461,parts
3,21V00D000_notify_all,21V00D000,356309,Hardware Service,8000,12000,5,notify_all,2026-07-23 19:07:46,43,R4,0,1600,2461,parts
3,21V00D000_notify_all,21V00D000,356309,Hardware Service,8000,12000,5,notify_all,2026-07-23 19:07:46,43,R5,0,1600,2461,parts
3,21V00D000_notify_all,21V00D000,356309,Hardware Service,8000,12000,5,notify_all,2026-07-23 19:07:46,44,R1,0,1600,865,parts
3,21V00D000_notify_all,21V00D000,356309,Hardware Service,8000,12000,5,notify_all,2026-07-23 19:07:46,44,R2,0,1600,861,parts
3,21V00D000_notify_all,21V00D000,356309,Hardware Service,8000,12000,5,notify_all,2026-07-23 19:07:46,44,R3,0,1600,861,parts
3,21V00D000_notify_all,21V00D000,356309,Hardware Service,8000,12000,5,notify_all,2026-07-23 19:07:46,44,R4,0,1600,861,parts
3,21V00D000_notify_all,21V00D000,356309,Hardware Service,8000,12000,5,notify_all,2026-07-23 19:07:46,44,R5,0,1600,861,parts
3,21V00D000_notify_all,21V00D000,356309,Hardware Service,8000,12000,5,notify_all,2026-07-23 19:07:46,45,R1,0,865,0,parts
3,21V00D000_notify_all,21V00D000,356309,Hardware Service,8000,12000,5,notify_all,2026-07-23 19:07:46,45,R2,0,861,0,parts
3,21V00D000_notify_all,21V00D000,356309,Hardware Service,8000,12000,5,notify_all,2026-07-23 19:07:46,45,R3,0,861,0,parts
3,21V00D000_notify_all,21V00D000,356309,Hardware Service,8000,12000,5,notify_all,2026-07-23 19:07:46,45,R4,0,861,0,parts
3,21V00D000_notify_all,21V00D000,356309,Hardware Service,8000,12000,5,notify_all,2026-07-23 19:07:46,45,R5,0,861,0,parts
4,21V00D000_capacity_matched,21V00D000,356309,Hardware Service,8000,12000,5,capacity_matched,2026-07-23 19:07:46,1,R1,1600,1600,0,parts
4,21V00D000_capacity_matched,21V00D000,356309,Hardware Service,8000,12000,5,capacity_matched,2026-07-23 19:07:46,1,R2,1600,1600,0,parts
4,21V00D000_capacity_matched,21V00D000,356309,Hardware Service,8000,12000,5,capacity_matched,2026-07-23 19:07:46,1,R3,1600,1600,0,parts
4,21V00D000_capacity_matched,21V00D000,356309,Hardware Service,8000,12000,5,capacity_matched,2026-07-23 19:07:46,1,R4,1600,1600,0,parts
4,21V00D000_capacity_matched,21V00D000,356309,Hardware Service,8000,12000,5,capacity_matched,2026-07-23 19:07:46,1,R5,1600,1600,0,parts
4,21V00D000_capacity_matched,21V00D000,356309,Hardware Service,8000,12000,5,capacity_matched,2026-07-23 19:07:46,2,R1,1600,1600,0,parts
4,21V00D000_capacity_matched,21V00D000,356309,Hardware Service,8000,12000,5,capacity_matched,2026-07-23 19:07:46,2,R2,1600,1600,0,parts
4,21V00D000_capacity_matched,21V00D000,356309,Hardware Service,8000,12000,5,capacity_matched,2026-07-23 19:07:46,2,R3,1600,1600,0,parts
4,21V00D000_capacity_matched,21V00D000,356309,Hardware Service,8000,12000,5,capacity_matched,2026-07-23 19:07:46,2,R4,1600,1600,0,parts
4,21V00D000_capacity_matched,21V00D000,356309,Hardware Service,8000,12000,5,capacity_matched,2026-07-23 19:07:46,2,R5,1600,1600,0,parts
4,21V00D000_capacity_matched,21V00D000,356309,Hardware Service,8000,12000,5,capacity_matched,2026-07-23 19:07:46,3,R1,1600,1600,0,parts
4,21V00D000_capacity_matched,21V00D000,356309,Hardware Service,8000,12000,5,capacity_matched,2026-07-23 19:07:46,3,R2,1600,1600,0,parts
4,21V00D000_capacity_matched,21V00D000,356309,Hardware Service,8000,12000,5,capacity_matched,2026-07-23 19:07:46,3,R3,1600,1600,0,parts
4,21V00D000_capacity_matched,21V00D000,356309,Hardware Service,8000,12000,5,capacity_matched,2026-07-23 19:07:46,3,R4,1600,1600,0,parts
4,21V00D000_capacity_matched,21V00D000,356309,Hardware Service,8000,12000,5,capacity_matched,2026-07-23 19:07:46,3,R5,1600,1600,0,parts
4,21V00D000_capacity_matched,21V00D000,356309,Hardware Service,8000,12000,5,capacity_matched,2026-07-23 19:07:46,4,R1,1600,1600,0,parts
4,21V00D000_capacity_matched,21V00D000,356309,Hardware Service,8000,12000,5,capacity_matched,2026-07-23 19:07:46,4,R2,1600,1600,0,parts
4,21V00D000_capacity_matched,21V00D000,356309,Hardware Service,8000,12000,5,capacity_matched,2026-07-23 19:07:46,4,R3,1600,1600,0,parts
4,21V00D000_capacity_matched,21V00D000,356309,Hardware Service,8000,12000,5,capacity_matched,2026-07-23 19:07:46,4,R4,1600,1600,0,parts
4,21V00D000_capacity_matched,21V00D000,356309,Hardware Service,8000,12000,5,capacity_matched,2026-07-23 19:07:46,4,R5,1600,1600,0,parts
4,21V00D000_capacity_matched,21V00D000,356309,Hardware Service,8000,12000,5,capacity_matched,2026-07-23 19:07:46,5,R1,1600,1600,0,parts
4,21V00D000_capacity_matched,21V00D000,356309,Hardware Service,8000,12000,5,capacity_matched,2026-07-23 19:07:46,5,R2,1600,1600,0,parts
4,21V00D000_capacity_matched,21V00D000,356309,Hardware Service,8000,12000,5,capacity_matched,2026-07-23 19:07:46,5,R3,1600,1600,0,parts
4,21V00D000_capacity_matched,21V00D000,356309,Hardware Service,8000,12000,5,capacity_matched,2026-07-23 19:07:46,5,R4,1600,1600,0,parts
4,21V00D000_capacity_matched,21V00D000,356309,Hardware Service,8000,12000,5,capacity_matched,2026-07-23 19:07:46,5,R5,1600,1600,0,parts
4,21V00D000_capacity_matched,21V00D000,356309,Hardware Service,8000,12000,5,capacity_matched,2026-07-23 19:07:46,6,R1,1600,1600,0,parts
4,21V00D000_capacity_matched,21V00D000,356309,Hardware Service,8000,12000,5,capacity_matched,2026-07-23 19:07:46,6,R2,1600,1600,0,parts
4,21V00D000_capacity_matched,21V00D000,356309,Hardware Service,8000,12000,5,capacity_matched,2026-07-23 19:07:46,6,R3,1600,1600,0,parts
4,21V00D000_capacity_matched,21V00D000,356309,Hardware Service,8000,12000,5,capacity_matched,2026-07-23 19:07:46,6,R4,1600,1600,0,parts
4,21V00D000_capacity_matched,21V00D000,356309,Hardware Service,8000,12000,5,capacity_matched,2026-07-23 19:07:46,6,R5,1600,1600,0,parts
4,21V00D000_capacity_matched,21V00D000,356309,Hardware Service,8000,12000,5,capacity_matched,2026-07-23 19:07:46,7,R1,1600,1600,0,parts
4,21V00D000_capacity_matched,21V00D000,356309,Hardware Service,8000,12000,5,capacity_matched,2026-07-23 19:07:46,7,R2,1600,1600,0,parts
4,21V00D000_capacity_matched,21V00D000,356309,Hardware Service,8000,12000,5,capacity_matched,2026-07-23 19:07:46,7,R3,1600,1600,0,parts
4,21V00D000_capacity_matched,21V00D000,356309,Hardware Service,8000,12000,5,capacity_matched,2026-07-23 19:07:46,7,R4,1600,1600,0,parts
4,21V00D000_capacity_matched,21V00D000,356309,Hardware Service,8000,12000,5,capacity_matched,2026-07-23 19:07:46,7,R5,1600,1600,0,parts
4,21V00D000_capacity_matched,21V00D000,356309,Hardware Service,8000,12000,5,capacity_matched,2026-07-23 19:07:46,8,R1,1600,1600,0,parts
4,21V00D000_capacity_matched,21V00D000,356309,Hardware Service,8000,12000,5,capacity_matched,2026-07-23 19:07:46,8,R2,1600,1600,0,parts
4,21V00D000_capacity_matched,21V00D000,356309,Hardware Service,8000,12000,5,capacity_matched,2026-07-23 19:07:46,8,R3,1600,1600,0,parts
4,21V00D000_capacity_matched,21V00D000,356309,Hardware Service,8000,12000,5,capacity_matched,2026-07-23 19:07:46,8,R4,1600,1600,0,parts
4,21V00D000_capacity_matched,21V00D000,356309,Hardware Service,8000,12000,5,capacity_matched,2026-07-23 19:07:46,8,R5,1600,1600,0,parts
4,21V00D000_capacity_matched,21V00D000,356309,Hardware Service,8000,12000,5,capacity_matched,2026-07-23 19:07:46,9,R1,1600,1600,0,parts
4,21V00D000_capacity_matched,21V00D000,356309,Hardware Service,8000,12000,5,capacity_matched,2026-07-23 19:07:46,9,R2,1600,1600,0,parts
4,21V00D000_capacity_matched,21V00D000,356309,Hardware Service,8000,12000,5,capacity_matched,2026-07-23 19:07:46,9,R3,1600,1600,0,parts
4,21V00D000_capacity_matched,21V00D000,356309,Hardware Service,8000,12000,5,capacity_matched,2026-07-23 19:07:46,9,R4,1600,1600,0,parts
4,21V00D000_capacity_matched,21V00D000,356309,Hardware Service,8000,12000,5,capacity_matched,2026-07-23 19:07:46,9,R5,1600,1600,0,parts
4,21V00D000_capacity_matched,21V00D000,356309,Hardware Service,8000,12000,5,capacity_matched,2026-07-23 19:07:46,10,R1,1600,1600,0,parts
4,21V00D000_capacity_matched,21V00D000,356309,Hardware Service,8000,12000,5,capacity_matched,2026-07-23 19:07:46,10,R2,1600,1600,0,parts
4,21V00D000_capacity_matched,21V00D000,356309,Hardware Service,8000,12000,5,capacity_matched,2026-07-23 19:07:46,10,R3,1600,1600,0,parts
4,21V00D000_capacity_matched,21V00D000,356309,Hardware Service,8000,12000,5,capacity_matched,2026-07-23 19:07:46,10,R4,1600,1600,0,parts
4,21V00D000_capacity_matched,21V00D000,356309,Hardware Service,8000,12000,5,capacity_matched,2026-07-23 19:07:46,10,R5,1600,1600,0,parts
4,21V00D000_capacity_matched,21V00D000,356309,Hardware Service,8000,12000,5,capacity_matched,2026-07-23 19:07:46,11,R1,1600,1600,0,parts
4,21V00D000_capacity_matched,21V00D000,356309,Hardware Service,8000,12000,5,capacity_matched,2026-07-23 19:07:46,11,R2,1600,1600,0,parts
4,21V00D000_capacity_matched,21V00D000,356309,Hardware Service,8000,12000,5,capacity_matched,2026-07-23 19:07:46,11,R3,1600,1600,0,parts
4,21V00D000_capacity_matched,21V00D000,356309,Hardware Service,8000,12000,5,capacity_matched,2026-07-23 19:07:46,11,R4,1600,1600,0,parts
4,21V00D000_capacity_matched,21V00D000,356309,Hardware Service,8000,12000,5,capacity_matched,2026-07-23 19:07:46,11,R5,1600,1600,0,parts
4,21V00D000_capacity_matched,21V00D000,356309,Hardware Service,8000,12000,5,capacity_matched,2026-07-23 19:07:46,12,R1,1600,1600,0,parts
4,21V00D000_capacity_matched,21V00D000,356309,Hardware Service,8000,12000,5,capacity_matched,2026-07-23 19:07:46,12,R2,1600,1600,0,parts
4,21V00D000_capacity_matched,21V00D000,356309,Hardware Service,8000,12000,5,capacity_matched,2026-07-23 19:07:46,12,R3,1600,1600,0,parts
4,21V00D000_capacity_matched,21V00D000,356309,Hardware Service,8000,12000,5,capacity_matched,2026-07-23 19:07:46,12,R4,1600,1600,0,parts
4,21V00D000_capacity_matched,21V00D000,356309,Hardware Service,8000,12000,5,capacity_matched,2026-07-23 19:07:46,12,R5,1600,1600,0,parts
4,21V00D000_capacity_matched,21V00D000,356309,Hardware Service,8000,12000,5,capacity_matched,2026-07-23 19:07:46,13,R1,1600,1600,0,parts
4,21V00D000_capacity_matched,21V00D000,356309,Hardware Service,8000,12000,5,capacity_matched,2026-07-23 19:07:46,13,R2,1600,1600,0,parts
4,21V00D000_capacity_matched,21V00D000,356309,Hardware Service,8000,12000,5,capacity_matched,2026-07-23 19:07:46,13,R3,1600,1600,0,parts
4,21V00D000_capacity_matched,21V00D000,356309,Hardware Service,8000,12000,5,capacity_matched,2026-07-23 19:07:46,13,R4,1600,1600,0,parts
4,21V00D000_capacity_matched,21V00D000,356309,Hardware Service,8000,12000,5,capacity_matched,2026-07-23 19:07:46,13,R5,1600,1600,0,parts
4,21V00D000_capacity_matched,21V00D000,356309,Hardware Service,8000,12000,5,capacity_matched,2026-07-23 19:07:46,14,R1,1600,1600,0,parts
4,21V00D000_capacity_matched,21V00D000,356309,Hardware Service,8000,12000,5,capacity_matched,2026-07-23 19:07:46,14,R2,1600,1600,0,parts
4,21V00D000_capacity_matched,21V00D000,356309,Hardware Service,8000,12000,5,capacity_matched,2026-07-23 19:07:46,14,R3,1600,1600,0,parts
4,21V00D000_capacity_matched,21V00D000,356309,Hardware Service,8000,12000,5,capacity_matched,2026-07-23 19:07:46,14,R4,1600,1600,0,parts
4,21V00D000_capacity_matched,21V00D000,356309,Hardware Service,8000,12000,5,capacity_matched,2026-07-23 19:07:46,14,R5,1600,1600,0,parts
4,21V00D000_capacity_matched,21V00D000,356309,Hardware Service,8000,12000,5,capacity_matched,2026-07-23 19:07:46,15,R1,1600,1600,0,parts
4,21V00D000_capacity_matched,21V00D000,356309,Hardware Service,8000,12000,5,capacity_matched,2026-07-23 19:07:46,15,R2,1600,1600,0,parts
4,21V00D000_capacity_matched,21V00D000,356309,Hardware Service,8000,12000,5,capacity_matched,2026-07-23 19:07:46,15,R3,1600,1600,0,parts
4,21V00D000_capacity_matched,21V00D000,356309,Hardware Service,8000,12000,5,capacity_matched,2026-07-23 19:07:46,15,R4,1600,1600,0,parts
4,21V00D000_capacity_matched,21V00D000,356309,Hardware Service,8000,12000,5,capacity_matched,2026-07-23 19:07:46,15,R5,1600,1600,0,parts
4,21V00D000_capacity_matched,21V00D000,356309,Hardware Service,8000,12000,5,capacity_matched,2026-07-23 19:07:46,16,R1,1600,1600,0,parts
4,21V00D000_capacity_matched,21V00D000,356309,Hardware Service,8000,12000,5,capacity_matched,2026-07-23 19:07:46,16,R2,1600,1600,0,parts
4,21V00D000_capacity_matched,21V00D000,356309,Hardware Service,8000,12000,5,capacity_matched,2026-07-23 19:07:46,16,R3,1600,1600,0,parts
4,21V00D000_capacity_matched,21V00D000,356309,Hardware Service,8000,12000,5,capacity_matched,2026-07-23 19:07:46,16,R4,1600,1600,0,parts
4,21V00D000_capacity_matched,21V00D000,356309,Hardware Service,8000,12000,5,capacity_matched,2026-07-23 19:07:46,16,R5,1600,1600,0,parts
4,21V00D000_capacity_matched,21V00D000,356309,Hardware Service,8000,12000,5,capacity_matched,2026-07-23 19:07:46,17,R1,1600,1600,0,parts
4,21V00D000_capacity_matched,21V00D000,356309,Hardware Service,8000,12000,5,capacity_matched,2026-07-23 19:07:46,17,R2,1600,1600,0,parts
4,21V00D000_capacity_matched,21V00D000,356309,Hardware Service,8000,12000,5,capacity_matched,2026-07-23 19:07:46,17,R3,1600,1600,0,parts
4,21V00D000_capacity_matched,21V00D000,356309,Hardware Service,8000,12000,5,capacity_matched,2026-07-23 19:07:46,17,R4,1600,1600,0,parts
4,21V00D000_capacity_matched,21V00D000,356309,Hardware Service,8000,12000,5,capacity_matched,2026-07-23 19:07:46,17,R5,1600,1600,0,parts
4,21V00D000_capacity_matched,21V00D000,356309,Hardware Service,8000,12000,5,capacity_matched,2026-07-23 19:07:46,18,R1,1600,1600,0,parts
4,21V00D000_capacity_matched,21V00D000,356309,Hardware Service,8000,12000,5,capacity_matched,2026-07-23 19:07:46,18,R2,1600,1600,0,parts
4,21V00D000_capacity_matched,21V00D000,356309,Hardware Service,8000,12000,5,capacity_matched,2026-07-23 19:07:46,18,R3,1600,1600,0,parts
4,21V00D000_capacity_matched,21V00D000,356309,Hardware Service,8000,12000,5,capacity_matched,2026-07-23 19:07:46,18,R4,1600,1600,0,parts
4,21V00D000_capacity_matched,21V00D000,356309,Hardware Service,8000,12000,5,capacity_matched,2026-07-23 19:07:46,18,R5,1600,1600,0,parts
4,21V00D000_capacity_matched,21V00D000,356309,Hardware Service,8000,12000,5,capacity_matched,2026-07-23 19:07:46,19,R1,1600,1600,0,parts
4,21V00D000_capacity_matched,21V00D000,356309,Hardware Service,8000,12000,5,capacity_matched,2026-07-23 19:07:46,19,R2,1600,1600,0,parts
4,21V00D000_capacity_matched,21V00D000,356309,Hardware Service,8000,12000,5,capacity_matched,2026-07-23 19:07:46,19,R3,1600,1600,0,parts
4,21V00D000_capacity_matched,21V00D000,356309,Hardware Service,8000,12000,5,capacity_matched,2026-07-23 19:07:46,19,R4,1600,1600,0,parts
4,21V00D000_capacity_matched,21V00D000,356309,Hardware Service,8000,12000,5,capacity_matched,2026-07-23 19:07:46,19,R5,1600,1600,0,parts
4,21V00D000_capacity_matched,21V00D000,356309,Hardware Service,8000,12000,5,capacity_matched,2026-07-23 19:07:46,20,R1,1600,1600,0,parts
4,21V00D000_capacity_matched,21V00D000,356309,Hardware Service,8000,12000,5,capacity_matched,2026-07-23 19:07:46,20,R2,1600,1600,0,parts
4,21V00D000_capacity_matched,21V00D000,356309,Hardware Service,8000,12000,5,capacity_matched,2026-07-23 19:07:46,20,R3,1600,1600,0,parts
4,21V00D000_capacity_matched,21V00D000,356309,Hardware Service,8000,12000,5,capacity_matched,2026-07-23 19:07:46,20,R4,1600,1600,0,parts
4,21V00D000_capacity_matched,21V00D000,356309,Hardware Service,8000,12000,5,capacity_matched,2026-07-23 19:07:46,20,R5,1600,1600,0,parts
4,21V00D000_capacity_matched,21V00D000,356309,Hardware Service,8000,12000,5,capacity_matched,2026-07-23 19:07:46,21,R1,1600,1600,0,parts
4,21V00D000_capacity_matched,21V00D000,356309,Hardware Service,8000,12000,5,capacity_matched,2026-07-23 19:07:46,21,R2,1600,1600,0,parts
4,21V00D000_capacity_matched,21V00D000,356309,Hardware Service,8000,12000,5,capacity_matched,2026-07-23 19:07:46,21,R3,1600,1600,0,parts
4,21V00D000_capacity_matched,21V00D000,356309,Hardware Service,8000,12000,5,capacity_matched,2026-07-23 19:07:46,21,R4,1600,1600,0,parts
4,21V00D000_capacity_matched,21V00D000,356309,Hardware Service,8000,12000,5,capacity_matched,2026-07-23 19:07:46,21,R5,1600,1600,0,parts
4,21V00D000_capacity_matched,21V00D000,356309,Hardware Service,8000,12000,5,capacity_matched,2026-07-23 19:07:46,22,R1,1600,1600,0,parts
4,21V00D000_capacity_matched,21V00D000,356309,Hardware Service,8000,12000,5,capacity_matched,2026-07-23 19:07:46,22,R2,1600,1600,0,parts
4,21V00D000_capacity_matched,21V00D000,356309,Hardware Service,8000,12000,5,capacity_matched,2026-07-23 19:07:46,22,R3,1600,1600,0,parts
4,21V00D000_capacity_matched,21V00D000,356309,Hardware Service,8000,12000,5,capacity_matched,2026-07-23 19:07:46,22,R4,1600,1600,0,parts
4,21V00D000_capacity_matched,21V00D000,356309,Hardware Service,8000,12000,5,capacity_matched,2026-07-23 19:07:46,22,R5,1600,1600,0,parts
4,21V00D000_capacity_matched,21V00D000,356309,Hardware Service,8000,12000,5,capacity_matched,2026-07-23 19:07:46,23,R1,1600,1600,0,parts
4,21V00D000_capacity_matched,21V00D000,356309,Hardware Service,8000,12000,5,capacity_matched,2026-07-23 19:07:46,23,R2,1600,1600,0,parts
4,21V00D000_capacity_matched,21V00D000,356309,Hardware Service,8000,12000,5,capacity_matched,2026-07-23 19:07:46,23,R3,1600,1600,0,parts
4,21V00D000_capacity_matched,21V00D000,356309,Hardware Service,8000,12000,5,capacity_matched,2026-07-23 19:07:46,23,R4,1600,1600,0,parts
4,21V00D000_capacity_matched,21V00D000,356309,Hardware Service,8000,12000,5,capacity_matched,2026-07-23 19:07:46,23,R5,1600,1600,0,parts
4,21V00D000_capacity_matched,21V00D000,356309,Hardware Service,8000,12000,5,capacity_matched,2026-07-23 19:07:46,24,R1,1600,1600,0,parts
4,21V00D000_capacity_matched,21V00D000,356309,Hardware Service,8000,12000,5,capacity_matched,2026-07-23 19:07:46,24,R2,1600,1600,0,parts
4,21V00D000_capacity_matched,21V00D000,356309,Hardware Service,8000,12000,5,capacity_matched,2026-07-23 19:07:46,24,R3,1600,1600,0,parts
4,21V00D000_capacity_matched,21V00D000,356309,Hardware Service,8000,12000,5,capacity_matched,2026-07-23 19:07:46,24,R4,1600,1600,0,parts
4,21V00D000_capacity_matched,21V00D000,356309,Hardware Service,8000,12000,5,capacity_matched,2026-07-23 19:07:46,24,R5,1600,1600,0,parts
4,21V00D000_capacity_matched,21V00D000,356309,Hardware Service,8000,12000,5,capacity_matched,2026-07-23 19:07:46,25,R1,1600,1600,0,parts
4,21V00D000_capacity_matched,21V00D000,356309,Hardware Service,8000,12000,5,capacity_matched,2026-07-23 19:07:46,25,R2,1600,1600,0,parts
4,21V00D000_capacity_matched,21V00D000,356309,Hardware Service,8000,12000,5,capacity_matched,2026-07-23 19:07:46,25,R3,1600,1600,0,parts
4,21V00D000_capacity_matched,21V00D000,356309,Hardware Service,8000,12000,5,capacity_matched,2026-07-23 19:07:46,25,R4,1600,1600,0,parts
4,21V00D000_capacity_matched,21V00D000,356309,Hardware Service,8000,12000,5,capacity_matched,2026-07-23 19:07:46,25,R5,1600,1600,0,parts
4,21V00D000_capacity_matched,21V00D000,356309,Hardware Service,8000,12000,5,capacity_matched,2026-07-23 19:07:46,26,R1,1600,1600,0,parts
4,21V00D000_capacity_matched,21V00D000,356309,Hardware Service,8000,12000,5,capacity_matched,2026-07-23 19:07:46,26,R2,1600,1600,0,parts
4,21V00D000_capacity_matched,21V00D000,356309,Hardware Service,8000,12000,5,capacity_matched,2026-07-23 19:07:46,26,R3,1600,1600,0,parts
4,21V00D000_capacity_matched,21V00D000,356309,Hardware Service,8000,12000,5,capacity_matched,2026-07-23 19:07:46,26,R4,1600,1600,0,parts
4,21V00D000_capacity_matched,21V00D000,356309,Hardware Service,8000,12000,5,capacity_matched,2026-07-23 19:07:46,26,R5,1600,1600,0,parts
4,21V00D000_capacity_matched,21V00D000,356309,Hardware Service,8000,12000,5,capacity_matched,2026-07-23 19:07:46,27,R1,1600,1600,0,parts
4,21V00D000_capacity_matched,21V00D000,356309,Hardware Service,8000,12000,5,capacity_matched,2026-07-23 19:07:46,27,R2,1600,1600,0,parts
4,21V00D000_capacity_matched,21V00D000,356309,Hardware Service,8000,12000,5,capacity_matched,2026-07-23 19:07:46,27,R3,1600,1600,0,parts
4,21V00D000_capacity_matched,21V00D000,356309,Hardware Service,8000,12000,5,capacity_matched,2026-07-23 19:07:46,27,R4,1600,1600,0,parts
4,21V00D000_capacity_matched,21V00D000,356309,Hardware Service,8000,12000,5,capacity_matched,2026-07-23 19:07:46,27,R5,1600,1600,0,parts
4,21V00D000_capacity_matched,21V00D000,356309,Hardware Service,8000,12000,5,capacity_matched,2026-07-23 19:07:46,28,R1,1600,1600,0,parts
4,21V00D000_capacity_matched,21V00D000,356309,Hardware Service,8000,12000,5,capacity_matched,2026-07-23 19:07:46,28,R2,1600,1600,0,parts
4,21V00D000_capacity_matched,21V00D000,356309,Hardware Service,8000,12000,5,capacity_matched,2026-07-23 19:07:46,28,R3,1600,1600,0,parts
4,21V00D000_capacity_matched,21V00D000,356309,Hardware Service,8000,12000,5,capacity_matched,2026-07-23 19:07:46,28,R4,1600,1600,0,parts
4,21V00D000_capacity_matched,21V00D000,356309,Hardware Service,8000,12000,5,capacity_matched,2026-07-23 19:07:46,28,R5,1600,1600,0,parts
4,21V00D000_capacity_matched,21V00D000,356309,Hardware Service,8000,12000,5,capacity_matched,2026-07-23 19:07:46,29,R1,1600,1600,0,parts
4,21V00D000_capacity_matched,21V00D000,356309,Hardware Service,8000,12000,5,capacity_matched,2026-07-23 19:07:46,29,R2,1600,1600,0,parts
4,21V00D000_capacity_matched,21V00D000,356309,Hardware Service,8000,12000,5,capacity_matched,2026-07-23 19:07:46,29,R3,1600,1600,0,parts
4,21V00D000_capacity_matched,21V00D000,356309,Hardware Service,8000,12000,5,capacity_matched,2026-07-23 19:07:46,29,R4,1600,1600,0,parts
4,21V00D000_capacity_matched,21V00D000,356309,Hardware Service,8000,12000,5,capacity_matched,2026-07-23 19:07:46,29,R5,1600,1600,0,parts
4,21V00D000_capacity_matched,21V00D000,356309,Hardware Service,8000,12000,5,capacity_matched,2026-07-23 19:07:46,30,R1,1600,1600,0,parts
4,21V00D000_capacity_matched,21V00D000,356309,Hardware Service,8000,12000,5,capacity_matched,2026-07-23 19:07:46,30,R2,1600,1600,0,parts
4,21V00D000_capacity_matched,21V00D000,356309,Hardware Service,8000,12000,5,capacity_matched,2026-07-23 19:07:46,30,R3,1600,1600,0,parts
4,21V00D000_capacity_matched,21V00D000,356309,Hardware Service,8000,12000,5,capacity_matched,2026-07-23 19:07:46,30,R4,1600,1600,0,parts
4,21V00D000_capacity_matched,21V00D000,356309,Hardware Service,8000,12000,5,capacity_matched,2026-07-23 19:07:46,30,R5,1600,1600,0,parts
4,21V00D000_capacity_matched,21V00D000,356309,Hardware Service,8000,12000,5,capacity_matched,2026-07-23 19:07:46,31,R1,1600,1600,0,parts
4,21V00D000_capacity_matched,21V00D000,356309,Hardware Service,8000,12000,5,capacity_matched,2026-07-23 19:07:46,31,R2,1600,1600,0,parts
4,21V00D000_capacity_matched,21V00D000,356309,Hardware Service,8000,12000,5,capacity_matched,2026-07-23 19:07:46,31,R3,1600,1600,0,parts
4,21V00D000_capacity_matched,21V00D000,356309,Hardware Service,8000,12000,5,capacity_matched,2026-07-23 19:07:46,31,R4,1600,1600,0,parts
4,21V00D000_capacity_matched,21V00D000,356309,Hardware Service,8000,12000,5,capacity_matched,2026-07-23 19:07:46,31,R5,1600,1600,0,parts
4,21V00D000_capacity_matched,21V00D000,356309,Hardware Service,8000,12000,5,capacity_matched,2026-07-23 19:07:46,32,R1,1600,1600,0,parts
4,21V00D000_capacity_matched,21V00D000,356309,Hardware Service,8000,12000,5,capacity_matched,2026-07-23 19:07:46,32,R2,1600,1600,0,parts
4,21V00D000_capacity_matched,21V00D000,356309,Hardware Service,8000,12000,5,capacity_matched,2026-07-23 19:07:46,32,R3,1600,1600,0,parts
4,21V00D000_capacity_matched,21V00D000,356309,Hardware Service,8000,12000,5,capacity_matched,2026-07-23 19:07:46,32,R4,1600,1600,0,parts
4,21V00D000_capacity_matched,21V00D000,356309,Hardware Service,8000,12000,5,capacity_matched,2026-07-23 19:07:46,32,R5,1600,1600,0,parts
4,21V00D000_capacity_matched,21V00D000,356309,Hardware Service,8000,12000,5,capacity_matched,2026-07-23 19:07:46,33,R1,1600,1600,0,parts
4,21V00D000_capacity_matched,21V00D000,356309,Hardware Service,8000,12000,5,capacity_matched,2026-07-23 19:07:46,33,R2,1600,1600,0,parts
4,21V00D000_capacity_matched,21V00D000,356309,Hardware Service,8000,12000,5,capacity_matched,2026-07-23 19:07:46,33,R3,1600,1600,0,parts
4,21V00D000_capacity_matched,21V00D000,356309,Hardware Service,8000,12000,5,capacity_matched,2026-07-23 19:07:46,33,R4,1600,1600,0,parts
4,21V00D000_capacity_matched,21V00D000,356309,Hardware Service,8000,12000,5,capacity_matched,2026-07-23 19:07:46,33,R5,1600,1600,0,parts
4,21V00D000_capacity_matched,21V00D000,356309,Hardware Service,8000,12000,5,capacity_matched,2026-07-23 19:07:46,34,R1,1600,1600,0,parts
4,21V00D000_capacity_matched,21V00D000,356309,Hardware Service,8000,12000,5,capacity_matched,2026-07-23 19:07:46,34,R2,1600,1600,0,parts
4,21V00D000_capacity_matched,21V00D000,356309,Hardware Service,8000,12000,5,capacity_matched,2026-07-23 19:07:46,34,R3,1600,1600,0,parts
4,21V00D000_capacity_matched,21V00D000,356309,Hardware Service,8000,12000,5,capacity_matched,2026-07-23 19:07:46,34,R4,1600,1600,0,parts
4,21V00D000_capacity_matched,21V00D000,356309,Hardware Service,8000,12000,5,capacity_matched,2026-07-23 19:07:46,34,R5,1600,1600,0,parts
4,21V00D000_capacity_matched,21V00D000,356309,Hardware Service,8000,12000,5,capacity_matched,2026-07-23 19:07:46,35,R1,1600,1600,0,parts
4,21V00D000_capacity_matched,21V00D000,356309,Hardware Service,8000,12000,5,capacity_matched,2026-07-23 19:07:46,35,R2,1600,1600,0,parts
4,21V00D000_capacity_matched,21V00D000,356309,Hardware Service,8000,12000,5,capacity_matched,2026-07-23 19:07:46,35,R3,1600,1600,0,parts
4,21V00D000_capacity_matched,21V00D000,356309,Hardware Service,8000,12000,5,capacity_matched,2026-07-23 19:07:46,35,R4,1600,1600,0,parts
4,21V00D000_capacity_matched,21V00D000,356309,Hardware Service,8000,12000,5,capacity_matched,2026-07-23 19:07:46,35,R5,1600,1600,0,parts
4,21V00D000_capacity_matched,21V00D000,356309,Hardware Service,8000,12000,5,capacity_matched,2026-07-23 19:07:46,36,R1,1600,1600,0,parts
4,21V00D000_capacity_matched,21V00D000,356309,Hardware Service,8000,12000,5,capacity_matched,2026-07-23 19:07:46,36,R2,1600,1600,0,parts
4,21V00D000_capacity_matched,21V00D000,356309,Hardware Service,8000,12000,5,capacity_matched,2026-07-23 19:07:46,36,R3,1600,1600,0,parts
4,21V00D000_capacity_matched,21V00D000,356309,Hardware Service,8000,12000,5,capacity_matched,2026-07-23 19:07:46,36,R4,1600,1600,0,parts
4,21V00D000_capacity_matched,21V00D000,356309,Hardware Service,8000,12000,5,capacity_matched,2026-07-23 19:07:46,36,R5,1600,1600,0,parts
4,21V00D000_capacity_matched,21V00D000,356309,Hardware Service,8000,12000,5,capacity_matched,2026-07-23 19:07:46,37,R1,1600,1600,0,parts
4,21V00D000_capacity_matched,21V00D000,356309,Hardware Service,8000,12000,5,capacity_matched,2026-07-23 19:07:46,37,R2,1600,1600,0,parts
4,21V00D000_capacity_matched,21V00D000,356309,Hardware Service,8000,12000,5,capacity_matched,2026-07-23 19:07:46,37,R3,1600,1600,0,parts
4,21V00D000_capacity_matched,21V00D000,356309,Hardware Service,8000,12000,5,capacity_matched,2026-07-23 19:07:46,37,R4,1600,1600,0,parts
4,21V00D000_capacity_matched,21V00D000,356309,Hardware Service,8000,12000,5,capacity_matched,2026-07-23 19:07:46,37,R5,1600,1600,0,parts
4,21V00D000_capacity_matched,21V00D000,356309,Hardware Service,8000,12000,5,capacity_matched,2026-07-23 19:07:46,38,R1,1600,1600,0,parts
4,21V00D000_capacity_matched,21V00D000,356309,Hardware Service,8000,12000,5,capacity_matched,2026-07-23 19:07:46,38,R2,1600,1600,0,parts
4,21V00D000_capacity_matched,21V00D000,356309,Hardware Service,8000,12000,5,capacity_matched,2026-07-23 19:07:46,38,R3,1600,1600,0,parts
4,21V00D000_capacity_matched,21V00D000,356309,Hardware Service,8000,12000,5,capacity_matched,2026-07-23 19:07:46,38,R4,1600,1600,0,parts
4,21V00D000_capacity_matched,21V00D000,356309,Hardware Service,8000,12000,5,capacity_matched,2026-07-23 19:07:46,38,R5,1600,1600,0,parts
4,21V00D000_capacity_matched,21V00D000,356309,Hardware Service,8000,12000,5,capacity_matched,2026-07-23 19:07:46,39,R1,1600,1600,0,parts
4,21V00D000_capacity_matched,21V00D000,356309,Hardware Service,8000,12000,5,capacity_matched,2026-07-23 19:07:46,39,R2,1600,1600,0,parts
4,21V00D000_capacity_matched,21V00D000,356309,Hardware Service,8000,12000,5,capacity_matched,2026-07-23 19:07:46,39,R3,1600,1600,0,parts
4,21V00D000_capacity_matched,21V00D000,356309,Hardware Service,8000,12000,5,capacity_matched,2026-07-23 19:07:46,39,R4,1600,1600,0,parts
4,21V00D000_capacity_matched,21V00D000,356309,Hardware Service,8000,12000,5,capacity_matched,2026-07-23 19:07:46,39,R5,1600,1600,0,parts
4,21V00D000_capacity_matched,21V00D000,356309,Hardware Service,8000,12000,5,capacity_matched,2026-07-23 19:07:46,40,R1,1600,1600,0,parts
4,21V00D000_capacity_matched,21V00D000,356309,Hardware Service,8000,12000,5,capacity_matched,2026-07-23 19:07:46,40,R2,1600,1600,0,parts
4,21V00D000_capacity_matched,21V00D000,356309,Hardware Service,8000,12000,5,capacity_matched,2026-07-23 19:07:46,40,R3,1600,1600,0,parts
4,21V00D000_capacity_matched,21V00D000,356309,Hardware Service,8000,12000,5,capacity_matched,2026-07-23 19:07:46,40,R4,1600,1600,0,parts
4,21V00D000_capacity_matched,21V00D000,356309,Hardware Service,8000,12000,5,capacity_matched,2026-07-23 19:07:46,40,R5,1600,1600,0,parts
4,21V00D000_capacity_matched,21V00D000,356309,Hardware Service,8000,12000,5,capacity_matched,2026-07-23 19:07:46,41,R1,1600,1600,0,parts
4,21V00D000_capacity_matched,21V00D000,356309,Hardware Service,8000,12000,5,capacity_matched,2026-07-23 19:07:46,41,R2,1600,1600,0,parts
4,21V00D000_capacity_matched,21V00D000,356309,Hardware Service,8000,12000,5,capacity_matched,2026-07-23 19:07:46,41,R3,1600,1600,0,parts
4,21V00D000_capacity_matched,21V00D000,356309,Hardware Service,8000,12000,5,capacity_matched,2026-07-23 19:07:46,41,R4,1600,1600,0,parts
4,21V00D000_capacity_matched,21V00D000,356309,Hardware Service,8000,12000,5,capacity_matched,2026-07-23 19:07:46,41,R5,1600,1600,0,parts
4,21V00D000_capacity_matched,21V00D000,356309,Hardware Service,8000,12000,5,capacity_matched,2026-07-23 19:07:46,42,R1,1600,1600,0,parts
4,21V00D000_capacity_matched,21V00D000,356309,Hardware Service,8000,12000,5,capacity_matched,2026-07-23 19:07:46,42,R2,1600,1600,0,parts
4,21V00D000_capacity_matched,21V00D000,356309,Hardware Service,8000,12000,5,capacity_matched,2026-07-23 19:07:46,42,R3,1600,1600,0,parts
4,21V00D000_capacity_matched,21V00D000,356309,Hardware Service,8000,12000,5,capacity_matched,2026-07-23 19:07:46,42,R4,1600,1600,0,parts
4,21V00D000_capacity_matched,21V00D000,356309,Hardware Service,8000,12000,5,capacity_matched,2026-07-23 19:07:46,42,R5,1600,1600,0,parts
4,21V00D000_capacity_matched,21V00D000,356309,Hardware Service,8000,12000,5,capacity_matched,2026-07-23 19:07:46,43,R1,1600,1600,0,parts
4,21V00D000_capacity_matched,21V00D000,356309,Hardware Service,8000,12000,5,capacity_matched,2026-07-23 19:07:46,43,R2,1600,1600,0,parts
4,21V00D000_capacity_matched,21V00D000,356309,Hardware Service,8000,12000,5,capacity_matched,2026-07-23 19:07:46,43,R3,1600,1600,0,parts
4,21V00D000_capacity_matched,21V00D000,356309,Hardware Service,8000,12000,5,capacity_matched,2026-07-23 19:07:46,43,R4,1600,1600,0,parts
4,21V00D000_capacity_matched,21V00D000,356309,Hardware Service,8000,12000,5,capacity_matched,2026-07-23 19:07:46,43,R5,1600,1600,0,parts
4,21V00D000_capacity_matched,21V00D000,356309,Hardware Service,8000,12000,5,capacity_matched,2026-07-23 19:07:46,44,R1,1600,1600,0,parts
4,21V00D000_capacity_matched,21V00D000,356309,Hardware Service,8000,12000,5,capacity_matched,2026-07-23 19:07:46,44,R2,1600,1600,0,parts
4,21V00D000_capacity_matched,21V00D000,356309,Hardware Service,8000,12000,5,capacity_matched,2026-07-23 19:07:46,44,R3,1600,1600,0,parts
4,21V00D000_capacity_matched,21V00D000,356309,Hardware Service,8000,12000,5,capacity_matched,2026-07-23 19:07:46,44,R4,1600,1600,0,parts
4,21V00D000_capacity_matched,21V00D000,356309,Hardware Service,8000,12000,5,capacity_matched,2026-07-23 19:07:46,44,R5,1600,1600,0,parts
4,21V00D000_capacity_matched,21V00D000,356309,Hardware Service,8000,12000,5,capacity_matched,2026-07-23 19:07:46,45,R1,865,865,0,parts
4,21V00D000_capacity_matched,21V00D000,356309,Hardware Service,8000,12000,5,capacity_matched,2026-07-23 19:07:46,45,R2,861,861,0,parts
4,21V00D000_capacity_matched,21V00D000,356309,Hardware Service,8000,12000,5,capacity_matched,2026-07-23 19:07:46,45,R3,861,861,0,parts
4,21V00D000_capacity_matched,21V00D000,356309,Hardware Service,8000,12000,5,capacity_matched,2026-07-23 19:07:46,45,R4,861,861,0,parts
4,21V00D000_capacity_matched,21V00D000,356309,Hardware Service,8000,12000,5,capacity_matched,2026-07-23 19:07:46,45,R5,861,861,0,parts
5,21V00D000_notify_all,21V00D000,356309,Hardware Service,20000,6000,5,notify_all,2026-07-23 19:08:02,1,R1,71265,1200,70065,slots
5,21V00D000_notify_all,21V00D000,356309,Hardware Service,20000,6000,5,notify_all,2026-07-23 19:08:02,1,R2,71261,1200,70061,slots
5,21V00D000_notify_all,21V00D000,356309,Hardware Service,20000,6000,5,notify_all,2026-07-23 19:08:02,1,R3,71261,1200,70061,slots
5,21V00D000_notify_all,21V00D000,356309,Hardware Service,20000,6000,5,notify_all,2026-07-23 19:08:02,1,R4,71261,1200,70061,slots
5,21V00D000_notify_all,21V00D000,356309,Hardware Service,20000,6000,5,notify_all,2026-07-23 19:08:02,1,R5,71261,1200,70061,slots
5,21V00D000_notify_all,21V00D000,356309,Hardware Service,20000,6000,5,notify_all,2026-07-23 19:08:02,2,R1,0,1200,68865,slots
5,21V00D000_notify_all,21V00D000,356309,Hardware Service,20000,6000,5,notify_all,2026-07-23 19:08:02,2,R2,0,1200,68861,slots
5,21V00D000_notify_all,21V00D000,356309,Hardware Service,20000,6000,5,notify_all,2026-07-23 19:08:02,2,R3,0,1200,68861,slots
5,21V00D000_notify_all,21V00D000,356309,Hardware Service,20000,6000,5,notify_all,2026-07-23 19:08:02,2,R4,0,1200,68861,slots
5,21V00D000_notify_all,21V00D000,356309,Hardware Service,20000,6000,5,notify_all,2026-07-23 19:08:02,2,R5,0,1200,68861,slots
5,21V00D000_notify_all,21V00D000,356309,Hardware Service,20000,6000,5,notify_all,2026-07-23 19:08:02,3,R1,0,1200,67665,slots
5,21V00D000_notify_all,21V00D000,356309,Hardware Service,20000,6000,5,notify_all,2026-07-23 19:08:02,3,R2,0,1200,67661,slots
5,21V00D000_notify_all,21V00D000,356309,Hardware Service,20000,6000,5,notify_all,2026-07-23 19:08:02,3,R3,0,1200,67661,slots
5,21V00D000_notify_all,21V00D000,356309,Hardware Service,20000,6000,5,notify_all,2026-07-23 19:08:02,3,R4,0,1200,67661,slots
5,21V00D000_notify_all,21V00D000,356309,Hardware Service,20000,6000,5,notify_all,2026-07-23 19:08:02,3,R5,0,1200,67661,slots
5,21V00D000_notify_all,21V00D000,356309,Hardware Service,20000,6000,5,notify_all,2026-07-23 19:08:02,4,R1,0,1200,66465,slots
5,21V00D000_notify_all,21V00D000,356309,Hardware Service,20000,6000,5,notify_all,2026-07-23 19:08:02,4,R2,0,1200,66461,slots
5,21V00D000_notify_all,21V00D000,356309,Hardware Service,20000,6000,5,notify_all,2026-07-23 19:08:02,4,R3,0,1200,66461,slots
5,21V00D000_notify_all,21V00D000,356309,Hardware Service,20000,6000,5,notify_all,2026-07-23 19:08:02,4,R4,0,1200,66461,slots
5,21V00D000_notify_all,21V00D000,356309,Hardware Service,20000,6000,5,notify_all,2026-07-23 19:08:02,4,R5,0,1200,66461,slots
5,21V00D000_notify_all,21V00D000,356309,Hardware Service,20000,6000,5,notify_all,2026-07-23 19:08:02,5,R1,0,1200,65265,slots
5,21V00D000_notify_all,21V00D000,356309,Hardware Service,20000,6000,5,notify_all,2026-07-23 19:08:02,5,R2,0,1200,65261,slots
5,21V00D000_notify_all,21V00D000,356309,Hardware Service,20000,6000,5,notify_all,2026-07-23 19:08:02,5,R3,0,1200,65261,slots
5,21V00D000_notify_all,21V00D000,356309,Hardware Service,20000,6000,5,notify_all,2026-07-23 19:08:02,5,R4,0,1200,65261,slots
5,21V00D000_notify_all,21V00D000,356309,Hardware Service,20000,6000,5,notify_all,2026-07-23 19:08:02,5,R5,0,1200,65261,slots
5,21V00D000_notify_all,21V00D000,356309,Hardware Service,20000,6000,5,notify_all,2026-07-23 19:08:02,6,R1,0,1200,64065,slots
5,21V00D000_notify_all,21V00D000,356309,Hardware Service,20000,6000,5,notify_all,2026-07-23 19:08:02,6,R2,0,1200,64061,slots
5,21V00D000_notify_all,21V00D000,356309,Hardware Service,20000,6000,5,notify_all,2026-07-23 19:08:02,6,R3,0,1200,64061,slots
5,21V00D000_notify_all,21V00D000,356309,Hardware Service,20000,6000,5,notify_all,2026-07-23 19:08:02,6,R4,0,1200,64061,slots
5,21V00D000_notify_all,21V00D000,356309,Hardware Service,20000,6000,5,notify_all,2026-07-23 19:08:02,6,R5,0,1200,64061,slots
5,21V00D000_notify_all,21V00D000,356309,Hardware Service,20000,6000,5,notify_all,2026-07-23 19:08:02,7,R1,0,1200,62865,slots
5,21V00D000_notify_all,21V00D000,356309,Hardware Service,20000,6000,5,notify_all,2026-07-23 19:08:02,7,R2,0,1200,62861,slots
5,21V00D000_notify_all,21V00D000,356309,Hardware Service,20000,6000,5,notify_all,2026-07-23 19:08:02,7,R3,0,1200,62861,slots
5,21V00D000_notify_all,21V00D000,356309,Hardware Service,20000,6000,5,notify_all,2026-07-23 19:08:02,7,R4,0,1200,62861,slots
5,21V00D000_notify_all,21V00D000,356309,Hardware Service,20000,6000,5,notify_all,2026-07-23 19:08:02,7,R5,0,1200,62861,slots
5,21V00D000_notify_all,21V00D000,356309,Hardware Service,20000,6000,5,notify_all,2026-07-23 19:08:02,8,R1,0,1200,61665,slots
5,21V00D000_notify_all,21V00D000,356309,Hardware Service,20000,6000,5,notify_all,2026-07-23 19:08:02,8,R2,0,1200,61661,slots
5,21V00D000_notify_all,21V00D000,356309,Hardware Service,20000,6000,5,notify_all,2026-07-23 19:08:02,8,R3,0,1200,61661,slots
5,21V00D000_notify_all,21V00D000,356309,Hardware Service,20000,6000,5,notify_all,2026-07-23 19:08:02,8,R4,0,1200,61661,slots
5,21V00D000_notify_all,21V00D000,356309,Hardware Service,20000,6000,5,notify_all,2026-07-23 19:08:02,8,R5,0,1200,61661,slots
5,21V00D000_notify_all,21V00D000,356309,Hardware Service,20000,6000,5,notify_all,2026-07-23 19:08:02,9,R1,0,1200,60465,slots
5,21V00D000_notify_all,21V00D000,356309,Hardware Service,20000,6000,5,notify_all,2026-07-23 19:08:02,9,R2,0,1200,60461,slots
5,21V00D000_notify_all,21V00D000,356309,Hardware Service,20000,6000,5,notify_all,2026-07-23 19:08:02,9,R3,0,1200,60461,slots
5,21V00D000_notify_all,21V00D000,356309,Hardware Service,20000,6000,5,notify_all,2026-07-23 19:08:02,9,R4,0,1200,60461,slots
5,21V00D000_notify_all,21V00D000,356309,Hardware Service,20000,6000,5,notify_all,2026-07-23 19:08:02,9,R5,0,1200,60461,slots
5,21V00D000_notify_all,21V00D000,356309,Hardware Service,20000,6000,5,notify_all,2026-07-23 19:08:02,10,R1,0,1200,59265,slots
5,21V00D000_notify_all,21V00D000,356309,Hardware Service,20000,6000,5,notify_all,2026-07-23 19:08:02,10,R2,0,1200,59261,slots
5,21V00D000_notify_all,21V00D000,356309,Hardware Service,20000,6000,5,notify_all,2026-07-23 19:08:02,10,R3,0,1200,59261,slots
5,21V00D000_notify_all,21V00D000,356309,Hardware Service,20000,6000,5,notify_all,2026-07-23 19:08:02,10,R4,0,1200,59261,slots
5,21V00D000_notify_all,21V00D000,356309,Hardware Service,20000,6000,5,notify_all,2026-07-23 19:08:02,10,R5,0,1200,59261,slots
5,21V00D000_notify_all,21V00D000,356309,Hardware Service,20000,6000,5,notify_all,2026-07-23 19:08:02,11,R1,0,1200,58065,slots
5,21V00D000_notify_all,21V00D000,356309,Hardware Service,20000,6000,5,notify_all,2026-07-23 19:08:02,11,R2,0,1200,58061,slots
5,21V00D000_notify_all,21V00D000,356309,Hardware Service,20000,6000,5,notify_all,2026-07-23 19:08:02,11,R3,0,1200,58061,slots
5,21V00D000_notify_all,21V00D000,356309,Hardware Service,20000,6000,5,notify_all,2026-07-23 19:08:02,11,R4,0,1200,58061,slots
5,21V00D000_notify_all,21V00D000,356309,Hardware Service,20000,6000,5,notify_all,2026-07-23 19:08:02,11,R5,0,1200,58061,slots
5,21V00D000_notify_all,21V00D000,356309,Hardware Service,20000,6000,5,notify_all,2026-07-23 19:08:02,12,R1,0,1200,56865,slots
5,21V00D000_notify_all,21V00D000,356309,Hardware Service,20000,6000,5,notify_all,2026-07-23 19:08:02,12,R2,0,1200,56861,slots
5,21V00D000_notify_all,21V00D000,356309,Hardware Service,20000,6000,5,notify_all,2026-07-23 19:08:02,12,R3,0,1200,56861,slots
5,21V00D000_notify_all,21V00D000,356309,Hardware Service,20000,6000,5,notify_all,2026-07-23 19:08:02,12,R4,0,1200,56861,slots
5,21V00D000_notify_all,21V00D000,356309,Hardware Service,20000,6000,5,notify_all,2026-07-23 19:08:02,12,R5,0,1200,56861,slots
5,21V00D000_notify_all,21V00D000,356309,Hardware Service,20000,6000,5,notify_all,2026-07-23 19:08:02,13,R1,0,1200,55665,slots
5,21V00D000_notify_all,21V00D000,356309,Hardware Service,20000,6000,5,notify_all,2026-07-23 19:08:02,13,R2,0,1200,55661,slots
5,21V00D000_notify_all,21V00D000,356309,Hardware Service,20000,6000,5,notify_all,2026-07-23 19:08:02,13,R3,0,1200,55661,slots
5,21V00D000_notify_all,21V00D000,356309,Hardware Service,20000,6000,5,notify_all,2026-07-23 19:08:02,13,R4,0,1200,55661,slots
5,21V00D000_notify_all,21V00D000,356309,Hardware Service,20000,6000,5,notify_all,2026-07-23 19:08:02,13,R5,0,1200,55661,slots
5,21V00D000_notify_all,21V00D000,356309,Hardware Service,20000,6000,5,notify_all,2026-07-23 19:08:02,14,R1,0,1200,54465,slots
5,21V00D000_notify_all,21V00D000,356309,Hardware Service,20000,6000,5,notify_all,2026-07-23 19:08:02,14,R2,0,1200,54461,slots
5,21V00D000_notify_all,21V00D000,356309,Hardware Service,20000,6000,5,notify_all,2026-07-23 19:08:02,14,R3,0,1200,54461,slots
5,21V00D000_notify_all,21V00D000,356309,Hardware Service,20000,6000,5,notify_all,2026-07-23 19:08:02,14,R4,0,1200,54461,slots
5,21V00D000_notify_all,21V00D000,356309,Hardware Service,20000,6000,5,notify_all,2026-07-23 19:08:02,14,R5,0,1200,54461,slots
5,21V00D000_notify_all,21V00D000,356309,Hardware Service,20000,6000,5,notify_all,2026-07-23 19:08:02,15,R1,0,1200,53265,slots
5,21V00D000_notify_all,21V00D000,356309,Hardware Service,20000,6000,5,notify_all,2026-07-23 19:08:02,15,R2,0,1200,53261,slots
5,21V00D000_notify_all,21V00D000,356309,Hardware Service,20000,6000,5,notify_all,2026-07-23 19:08:02,15,R3,0,1200,53261,slots
5,21V00D000_notify_all,21V00D000,356309,Hardware Service,20000,6000,5,notify_all,2026-07-23 19:08:02,15,R4,0,1200,53261,slots
5,21V00D000_notify_all,21V00D000,356309,Hardware Service,20000,6000,5,notify_all,2026-07-23 19:08:02,15,R5,0,1200,53261,slots
5,21V00D000_notify_all,21V00D000,356309,Hardware Service,20000,6000,5,notify_all,2026-07-23 19:08:02,16,R1,0,1200,52065,slots
5,21V00D000_notify_all,21V00D000,356309,Hardware Service,20000,6000,5,notify_all,2026-07-23 19:08:02,16,R2,0,1200,52061,slots
5,21V00D000_notify_all,21V00D000,356309,Hardware Service,20000,6000,5,notify_all,2026-07-23 19:08:02,16,R3,0,1200,52061,slots
5,21V00D000_notify_all,21V00D000,356309,Hardware Service,20000,6000,5,notify_all,2026-07-23 19:08:02,16,R4,0,1200,52061,slots
5,21V00D000_notify_all,21V00D000,356309,Hardware Service,20000,6000,5,notify_all,2026-07-23 19:08:02,16,R5,0,1200,52061,slots
5,21V00D000_notify_all,21V00D000,356309,Hardware Service,20000,6000,5,notify_all,2026-07-23 19:08:02,17,R1,0,1200,50865,slots
5,21V00D000_notify_all,21V00D000,356309,Hardware Service,20000,6000,5,notify_all,2026-07-23 19:08:02,17,R2,0,1200,50861,slots
5,21V00D000_notify_all,21V00D000,356309,Hardware Service,20000,6000,5,notify_all,2026-07-23 19:08:02,17,R3,0,1200,50861,slots
5,21V00D000_notify_all,21V00D000,356309,Hardware Service,20000,6000,5,notify_all,2026-07-23 19:08:02,17,R4,0,1200,50861,slots
5,21V00D000_notify_all,21V00D000,356309,Hardware Service,20000,6000,5,notify_all,2026-07-23 19:08:02,17,R5,0,1200,50861,slots
5,21V00D000_notify_all,21V00D000,356309,Hardware Service,20000,6000,5,notify_all,2026-07-23 19:08:02,18,R1,0,1200,49665,slots
5,21V00D000_notify_all,21V00D000,356309,Hardware Service,20000,6000,5,notify_all,2026-07-23 19:08:02,18,R2,0,1200,49661,slots
5,21V00D000_notify_all,21V00D000,356309,Hardware Service,20000,6000,5,notify_all,2026-07-23 19:08:02,18,R3,0,1200,49661,slots
5,21V00D000_notify_all,21V00D000,356309,Hardware Service,20000,6000,5,notify_all,2026-07-23 19:08:02,18,R4,0,1200,49661,slots
5,21V00D000_notify_all,21V00D000,356309,Hardware Service,20000,6000,5,notify_all,2026-07-23 19:08:02,18,R5,0,1200,49661,slots
5,21V00D000_notify_all,21V00D000,356309,Hardware Service,20000,6000,5,notify_all,2026-07-23 19:08:02,19,R1,0,1200,48465,slots
5,21V00D000_notify_all,21V00D000,356309,Hardware Service,20000,6000,5,notify_all,2026-07-23 19:08:02,19,R2,0,1200,48461,slots
5,21V00D000_notify_all,21V00D000,356309,Hardware Service,20000,6000,5,notify_all,2026-07-23 19:08:02,19,R3,0,1200,48461,slots
5,21V00D000_notify_all,21V00D000,356309,Hardware Service,20000,6000,5,notify_all,2026-07-23 19:08:02,19,R4,0,1200,48461,slots
5,21V00D000_notify_all,21V00D000,356309,Hardware Service,20000,6000,5,notify_all,2026-07-23 19:08:02,19,R5,0,1200,48461,slots
5,21V00D000_notify_all,21V00D000,356309,Hardware Service,20000,6000,5,notify_all,2026-07-23 19:08:02,20,R1,0,1200,47265,slots
5,21V00D000_notify_all,21V00D000,356309,Hardware Service,20000,6000,5,notify_all,2026-07-23 19:08:02,20,R2,0,1200,47261,slots
5,21V00D000_notify_all,21V00D000,356309,Hardware Service,20000,6000,5,notify_all,2026-07-23 19:08:02,20,R3,0,1200,47261,slots
5,21V00D000_notify_all,21V00D000,356309,Hardware Service,20000,6000,5,notify_all,2026-07-23 19:08:02,20,R4,0,1200,47261,slots
5,21V00D000_notify_all,21V00D000,356309,Hardware Service,20000,6000,5,notify_all,2026-07-23 19:08:02,20,R5,0,1200,47261,slots
5,21V00D000_notify_all,21V00D000,356309,Hardware Service,20000,6000,5,notify_all,2026-07-23 19:08:02,21,R1,0,1200,46065,slots
5,21V00D000_notify_all,21V00D000,356309,Hardware Service,20000,6000,5,notify_all,2026-07-23 19:08:02,21,R2,0,1200,46061,slots
5,21V00D000_notify_all,21V00D000,356309,Hardware Service,20000,6000,5,notify_all,2026-07-23 19:08:02,21,R3,0,1200,46061,slots
5,21V00D000_notify_all,21V00D000,356309,Hardware Service,20000,6000,5,notify_all,2026-07-23 19:08:02,21,R4,0,1200,46061,slots
5,21V00D000_notify_all,21V00D000,356309,Hardware Service,20000,6000,5,notify_all,2026-07-23 19:08:02,21,R5,0,1200,46061,slots
5,21V00D000_notify_all,21V00D000,356309,Hardware Service,20000,6000,5,notify_all,2026-07-23 19:08:02,22,R1,0,1200,44865,slots
5,21V00D000_notify_all,21V00D000,356309,Hardware Service,20000,6000,5,notify_all,2026-07-23 19:08:02,22,R2,0,1200,44861,slots
5,21V00D000_notify_all,21V00D000,356309,Hardware Service,20000,6000,5,notify_all,2026-07-23 19:08:02,22,R3,0,1200,44861,slots
5,21V00D000_notify_all,21V00D000,356309,Hardware Service,20000,6000,5,notify_all,2026-07-23 19:08:02,22,R4,0,1200,44861,slots
5,21V00D000_notify_all,21V00D000,356309,Hardware Service,20000,6000,5,notify_all,2026-07-23 19:08:02,22,R5,0,1200,44861,slots
5,21V00D000_notify_all,21V00D000,356309,Hardware Service,20000,6000,5,notify_all,2026-07-23 19:08:02,23,R1,0,1200,43665,slots
5,21V00D000_notify_all,21V00D000,356309,Hardware Service,20000,6000,5,notify_all,2026-07-23 19:08:02,23,R2,0,1200,43661,slots
5,21V00D000_notify_all,21V00D000,356309,Hardware Service,20000,6000,5,notify_all,2026-07-23 19:08:02,23,R3,0,1200,43661,slots
5,21V00D000_notify_all,21V00D000,356309,Hardware Service,20000,6000,5,notify_all,2026-07-23 19:08:02,23,R4,0,1200,43661,slots
5,21V00D000_notify_all,21V00D000,356309,Hardware Service,20000,6000,5,notify_all,2026-07-23 19:08:02,23,R5,0,1200,43661,slots
5,21V00D000_notify_all,21V00D000,356309,Hardware Service,20000,6000,5,notify_all,2026-07-23 19:08:02,24,R1,0,1200,42465,slots
5,21V00D000_notify_all,21V00D000,356309,Hardware Service,20000,6000,5,notify_all,2026-07-23 19:08:02,24,R2,0,1200,42461,slots
5,21V00D000_notify_all,21V00D000,356309,Hardware Service,20000,6000,5,notify_all,2026-07-23 19:08:02,24,R3,0,1200,42461,slots
5,21V00D000_notify_all,21V00D000,356309,Hardware Service,20000,6000,5,notify_all,2026-07-23 19:08:02,24,R4,0,1200,42461,slots
5,21V00D000_notify_all,21V00D000,356309,Hardware Service,20000,6000,5,notify_all,2026-07-23 19:08:02,24,R5,0,1200,42461,slots
5,21V00D000_notify_all,21V00D000,356309,Hardware Service,20000,6000,5,notify_all,2026-07-23 19:08:02,25,R1,0,1200,41265,slots
5,21V00D000_notify_all,21V00D000,356309,Hardware Service,20000,6000,5,notify_all,2026-07-23 19:08:02,25,R2,0,1200,41261,slots
5,21V00D000_notify_all,21V00D000,356309,Hardware Service,20000,6000,5,notify_all,2026-07-23 19:08:02,25,R3,0,1200,41261,slots
5,21V00D000_notify_all,21V00D000,356309,Hardware Service,20000,6000,5,notify_all,2026-07-23 19:08:02,25,R4,0,1200,41261,slots
5,21V00D000_notify_all,21V00D000,356309,Hardware Service,20000,6000,5,notify_all,2026-07-23 19:08:02,25,R5,0,1200,41261,slots
5,21V00D000_notify_all,21V00D000,356309,Hardware Service,20000,6000,5,notify_all,2026-07-23 19:08:02,26,R1,0,1200,40065,slots
5,21V00D000_notify_all,21V00D000,356309,Hardware Service,20000,6000,5,notify_all,2026-07-23 19:08:02,26,R2,0,1200,40061,slots
5,21V00D000_notify_all,21V00D000,356309,Hardware Service,20000,6000,5,notify_all,2026-07-23 19:08:02,26,R3,0,1200,40061,slots
5,21V00D000_notify_all,21V00D000,356309,Hardware Service,20000,6000,5,notify_all,2026-07-23 19:08:02,26,R4,0,1200,40061,slots
5,21V00D000_notify_all,21V00D000,356309,Hardware Service,20000,6000,5,notify_all,2026-07-23 19:08:02,26,R5,0,1200,40061,slots
5,21V00D000_notify_all,21V00D000,356309,Hardware Service,20000,6000,5,notify_all,2026-07-23 19:08:02,27,R1,0,1200,38865,slots
5,21V00D000_notify_all,21V00D000,356309,Hardware Service,20000,6000,5,notify_all,2026-07-23 19:08:02,27,R2,0,1200,38861,slots
5,21V00D000_notify_all,21V00D000,356309,Hardware Service,20000,6000,5,notify_all,2026-07-23 19:08:02,27,R3,0,1200,38861,slots
5,21V00D000_notify_all,21V00D000,356309,Hardware Service,20000,6000,5,notify_all,2026-07-23 19:08:02,27,R4,0,1200,38861,slots
5,21V00D000_notify_all,21V00D000,356309,Hardware Service,20000,6000,5,notify_all,2026-07-23 19:08:02,27,R5,0,1200,38861,slots
5,21V00D000_notify_all,21V00D000,356309,Hardware Service,20000,6000,5,notify_all,2026-07-23 19:08:02,28,R1,0,1200,37665,slots
5,21V00D000_notify_all,21V00D000,356309,Hardware Service,20000,6000,5,notify_all,2026-07-23 19:08:02,28,R2,0,1200,37661,slots
5,21V00D000_notify_all,21V00D000,356309,Hardware Service,20000,6000,5,notify_all,2026-07-23 19:08:02,28,R3,0,1200,37661,slots
5,21V00D000_notify_all,21V00D000,356309,Hardware Service,20000,6000,5,notify_all,2026-07-23 19:08:02,28,R4,0,1200,37661,slots
5,21V00D000_notify_all,21V00D000,356309,Hardware Service,20000,6000,5,notify_all,2026-07-23 19:08:02,28,R5,0,1200,37661,slots
5,21V00D000_notify_all,21V00D000,356309,Hardware Service,20000,6000,5,notify_all,2026-07-23 19:08:02,29,R1,0,1200,36465,slots
5,21V00D000_notify_all,21V00D000,356309,Hardware Service,20000,6000,5,notify_all,2026-07-23 19:08:02,29,R2,0,1200,36461,slots
5,21V00D000_notify_all,21V00D000,356309,Hardware Service,20000,6000,5,notify_all,2026-07-23 19:08:02,29,R3,0,1200,36461,slots
5,21V00D000_notify_all,21V00D000,356309,Hardware Service,20000,6000,5,notify_all,2026-07-23 19:08:02,29,R4,0,1200,36461,slots
5,21V00D000_notify_all,21V00D000,356309,Hardware Service,20000,6000,5,notify_all,2026-07-23 19:08:02,29,R5,0,1200,36461,slots
5,21V00D000_notify_all,21V00D000,356309,Hardware Service,20000,6000,5,notify_all,2026-07-23 19:08:02,30,R1,0,1200,35265,slots
5,21V00D000_notify_all,21V00D000,356309,Hardware Service,20000,6000,5,notify_all,2026-07-23 19:08:02,30,R2,0,1200,35261,slots
5,21V00D000_notify_all,21V00D000,356309,Hardware Service,20000,6000,5,notify_all,2026-07-23 19:08:02,30,R3,0,1200,35261,slots
5,21V00D000_notify_all,21V00D000,356309,Hardware Service,20000,6000,5,notify_all,2026-07-23 19:08:02,30,R4,0,1200,35261,slots
5,21V00D000_notify_all,21V00D000,356309,Hardware Service,20000,6000,5,notify_all,2026-07-23 19:08:02,30,R5,0,1200,35261,slots
5,21V00D000_notify_all,21V00D000,356309,Hardware Service,20000,6000,5,notify_all,2026-07-23 19:08:02,31,R1,0,1200,34065,slots
5,21V00D000_notify_all,21V00D000,356309,Hardware Service,20000,6000,5,notify_all,2026-07-23 19:08:02,31,R2,0,1200,34061,slots
5,21V00D000_notify_all,21V00D000,356309,Hardware Service,20000,6000,5,notify_all,2026-07-23 19:08:02,31,R3,0,1200,34061,slots
5,21V00D000_notify_all,21V00D000,356309,Hardware Service,20000,6000,5,notify_all,2026-07-23 19:08:02,31,R4,0,1200,34061,slots
5,21V00D000_notify_all,21V00D000,356309,Hardware Service,20000,6000,5,notify_all,2026-07-23 19:08:02,31,R5,0,1200,34061,slots
5,21V00D000_notify_all,21V00D000,356309,Hardware Service,20000,6000,5,notify_all,2026-07-23 19:08:02,32,R1,0,1200,32865,slots
5,21V00D000_notify_all,21V00D000,356309,Hardware Service,20000,6000,5,notify_all,2026-07-23 19:08:02,32,R2,0,1200,32861,slots
5,21V00D000_notify_all,21V00D000,356309,Hardware Service,20000,6000,5,notify_all,2026-07-23 19:08:02,32,R3,0,1200,32861,slots
5,21V00D000_notify_all,21V00D000,356309,Hardware Service,20000,6000,5,notify_all,2026-07-23 19:08:02,32,R4,0,1200,32861,slots
5,21V00D000_notify_all,21V00D000,356309,Hardware Service,20000,6000,5,notify_all,2026-07-23 19:08:02,32,R5,0,1200,32861,slots
5,21V00D000_notify_all,21V00D000,356309,Hardware Service,20000,6000,5,notify_all,2026-07-23 19:08:02,33,R1,0,1200,31665,slots
5,21V00D000_notify_all,21V00D000,356309,Hardware Service,20000,6000,5,notify_all,2026-07-23 19:08:02,33,R2,0,1200,31661,slots
5,21V00D000_notify_all,21V00D000,356309,Hardware Service,20000,6000,5,notify_all,2026-07-23 19:08:02,33,R3,0,1200,31661,slots
5,21V00D000_notify_all,21V00D000,356309,Hardware Service,20000,6000,5,notify_all,2026-07-23 19:08:02,33,R4,0,1200,31661,slots
5,21V00D000_notify_all,21V00D000,356309,Hardware Service,20000,6000,5,notify_all,2026-07-23 19:08:02,33,R5,0,1200,31661,slots
5,21V00D000_notify_all,21V00D000,356309,Hardware Service,20000,6000,5,notify_all,2026-07-23 19:08:02,34,R1,0,1200,30465,slots
5,21V00D000_notify_all,21V00D000,356309,Hardware Service,20000,6000,5,notify_all,2026-07-23 19:08:02,34,R2,0,1200,30461,slots
5,21V00D000_notify_all,21V00D000,356309,Hardware Service,20000,6000,5,notify_all,2026-07-23 19:08:02,34,R3,0,1200,30461,slots
5,21V00D000_notify_all,21V00D000,356309,Hardware Service,20000,6000,5,notify_all,2026-07-23 19:08:02,34,R4,0,1200,30461,slots
5,21V00D000_notify_all,21V00D000,356309,Hardware Service,20000,6000,5,notify_all,2026-07-23 19:08:02,34,R5,0,1200,30461,slots
5,21V00D000_notify_all,21V00D000,356309,Hardware Service,20000,6000,5,notify_all,2026-07-23 19:08:02,35,R1,0,1200,29265,slots
5,21V00D000_notify_all,21V00D000,356309,Hardware Service,20000,6000,5,notify_all,2026-07-23 19:08:02,35,R2,0,1200,29261,slots
5,21V00D000_notify_all,21V00D000,356309,Hardware Service,20000,6000,5,notify_all,2026-07-23 19:08:02,35,R3,0,1200,29261,slots
5,21V00D000_notify_all,21V00D000,356309,Hardware Service,20000,6000,5,notify_all,2026-07-23 19:08:02,35,R4,0,1200,29261,slots
5,21V00D000_notify_all,21V00D000,356309,Hardware Service,20000,6000,5,notify_all,2026-07-23 19:08:02,35,R5,0,1200,29261,slots
5,21V00D000_notify_all,21V00D000,356309,Hardware Service,20000,6000,5,notify_all,2026-07-23 19:08:02,36,R1,0,1200,28065,slots
5,21V00D000_notify_all,21V00D000,356309,Hardware Service,20000,6000,5,notify_all,2026-07-23 19:08:02,36,R2,0,1200,28061,slots
5,21V00D000_notify_all,21V00D000,356309,Hardware Service,20000,6000,5,notify_all,2026-07-23 19:08:02,36,R3,0,1200,28061,slots
5,21V00D000_notify_all,21V00D000,356309,Hardware Service,20000,6000,5,notify_all,2026-07-23 19:08:02,36,R4,0,1200,28061,slots
5,21V00D000_notify_all,21V00D000,356309,Hardware Service,20000,6000,5,notify_all,2026-07-23 19:08:02,36,R5,0,1200,28061,slots
5,21V00D000_notify_all,21V00D000,356309,Hardware Service,20000,6000,5,notify_all,2026-07-23 19:08:02,37,R1,0,1200,26865,slots
5,21V00D000_notify_all,21V00D000,356309,Hardware Service,20000,6000,5,notify_all,2026-07-23 19:08:02,37,R2,0,1200,26861,slots
5,21V00D000_notify_all,21V00D000,356309,Hardware Service,20000,6000,5,notify_all,2026-07-23 19:08:02,37,R3,0,1200,26861,slots
5,21V00D000_notify_all,21V00D000,356309,Hardware Service,20000,6000,5,notify_all,2026-07-23 19:08:02,37,R4,0,1200,26861,slots
5,21V00D000_notify_all,21V00D000,356309,Hardware Service,20000,6000,5,notify_all,2026-07-23 19:08:02,37,R5,0,1200,26861,slots
5,21V00D000_notify_all,21V00D000,356309,Hardware Service,20000,6000,5,notify_all,2026-07-23 19:08:02,38,R1,0,1200,25665,slots
5,21V00D000_notify_all,21V00D000,356309,Hardware Service,20000,6000,5,notify_all,2026-07-23 19:08:02,38,R2,0,1200,25661,slots
5,21V00D000_notify_all,21V00D000,356309,Hardware Service,20000,6000,5,notify_all,2026-07-23 19:08:02,38,R3,0,1200,25661,slots
5,21V00D000_notify_all,21V00D000,356309,Hardware Service,20000,6000,5,notify_all,2026-07-23 19:08:02,38,R4,0,1200,25661,slots
5,21V00D000_notify_all,21V00D000,356309,Hardware Service,20000,6000,5,notify_all,2026-07-23 19:08:02,38,R5,0,1200,25661,slots
5,21V00D000_notify_all,21V00D000,356309,Hardware Service,20000,6000,5,notify_all,2026-07-23 19:08:02,39,R1,0,1200,24465,slots
5,21V00D000_notify_all,21V00D000,356309,Hardware Service,20000,6000,5,notify_all,2026-07-23 19:08:02,39,R2,0,1200,24461,slots
5,21V00D000_notify_all,21V00D000,356309,Hardware Service,20000,6000,5,notify_all,2026-07-23 19:08:02,39,R3,0,1200,24461,slots
5,21V00D000_notify_all,21V00D000,356309,Hardware Service,20000,6000,5,notify_all,2026-07-23 19:08:02,39,R4,0,1200,24461,slots
5,21V00D000_notify_all,21V00D000,356309,Hardware Service,20000,6000,5,notify_all,2026-07-23 19:08:02,39,R5,0,1200,24461,slots
5,21V00D000_notify_all,21V00D000,356309,Hardware Service,20000,6000,5,notify_all,2026-07-23 19:08:02,40,R1,0,1200,23265,slots
5,21V00D000_notify_all,21V00D000,356309,Hardware Service,20000,6000,5,notify_all,2026-07-23 19:08:02,40,R2,0,1200,23261,slots
5,21V00D000_notify_all,21V00D000,356309,Hardware Service,20000,6000,5,notify_all,2026-07-23 19:08:02,40,R3,0,1200,23261,slots
5,21V00D000_notify_all,21V00D000,356309,Hardware Service,20000,6000,5,notify_all,2026-07-23 19:08:02,40,R4,0,1200,23261,slots
5,21V00D000_notify_all,21V00D000,356309,Hardware Service,20000,6000,5,notify_all,2026-07-23 19:08:02,40,R5,0,1200,23261,slots
5,21V00D000_notify_all,21V00D000,356309,Hardware Service,20000,6000,5,notify_all,2026-07-23 19:08:02,41,R1,0,1200,22065,slots
5,21V00D000_notify_all,21V00D000,356309,Hardware Service,20000,6000,5,notify_all,2026-07-23 19:08:02,41,R2,0,1200,22061,slots
5,21V00D000_notify_all,21V00D000,356309,Hardware Service,20000,6000,5,notify_all,2026-07-23 19:08:02,41,R3,0,1200,22061,slots
5,21V00D000_notify_all,21V00D000,356309,Hardware Service,20000,6000,5,notify_all,2026-07-23 19:08:02,41,R4,0,1200,22061,slots
5,21V00D000_notify_all,21V00D000,356309,Hardware Service,20000,6000,5,notify_all,2026-07-23 19:08:02,41,R5,0,1200,22061,slots
5,21V00D000_notify_all,21V00D000,356309,Hardware Service,20000,6000,5,notify_all,2026-07-23 19:08:02,42,R1,0,1200,20865,slots
5,21V00D000_notify_all,21V00D000,356309,Hardware Service,20000,6000,5,notify_all,2026-07-23 19:08:02,42,R2,0,1200,20861,slots
5,21V00D000_notify_all,21V00D000,356309,Hardware Service,20000,6000,5,notify_all,2026-07-23 19:08:02,42,R3,0,1200,20861,slots
5,21V00D000_notify_all,21V00D000,356309,Hardware Service,20000,6000,5,notify_all,2026-07-23 19:08:02,42,R4,0,1200,20861,slots
5,21V00D000_notify_all,21V00D000,356309,Hardware Service,20000,6000,5,notify_all,2026-07-23 19:08:02,42,R5,0,1200,20861,slots
5,21V00D000_notify_all,21V00D000,356309,Hardware Service,20000,6000,5,notify_all,2026-07-23 19:08:02,43,R1,0,1200,19665,slots
5,21V00D000_notify_all,21V00D000,356309,Hardware Service,20000,6000,5,notify_all,2026-07-23 19:08:02,43,R2,0,1200,19661,slots
5,21V00D000_notify_all,21V00D000,356309,Hardware Service,20000,6000,5,notify_all,2026-07-23 19:08:02,43,R3,0,1200,19661,slots
5,21V00D000_notify_all,21V00D000,356309,Hardware Service,20000,6000,5,notify_all,2026-07-23 19:08:02,43,R4,0,1200,19661,slots
5,21V00D000_notify_all,21V00D000,356309,Hardware Service,20000,6000,5,notify_all,2026-07-23 19:08:02,43,R5,0,1200,19661,slots
5,21V00D000_notify_all,21V00D000,356309,Hardware Service,20000,6000,5,notify_all,2026-07-23 19:08:02,44,R1,0,1200,18465,slots
5,21V00D000_notify_all,21V00D000,356309,Hardware Service,20000,6000,5,notify_all,2026-07-23 19:08:02,44,R2,0,1200,18461,slots
5,21V00D000_notify_all,21V00D000,356309,Hardware Service,20000,6000,5,notify_all,2026-07-23 19:08:02,44,R3,0,1200,18461,slots
5,21V00D000_notify_all,21V00D000,356309,Hardware Service,20000,6000,5,notify_all,2026-07-23 19:08:02,44,R4,0,1200,18461,slots
5,21V00D000_notify_all,21V00D000,356309,Hardware Service,20000,6000,5,notify_all,2026-07-23 19:08:02,44,R5,0,1200,18461,slots
5,21V00D000_notify_all,21V00D000,356309,Hardware Service,20000,6000,5,notify_all,2026-07-23 19:08:02,45,R1,0,1200,17265,slots
5,21V00D000_notify_all,21V00D000,356309,Hardware Service,20000,6000,5,notify_all,2026-07-23 19:08:02,45,R2,0,1200,17261,slots
5,21V00D000_notify_all,21V00D000,356309,Hardware Service,20000,6000,5,notify_all,2026-07-23 19:08:02,45,R3,0,1200,17261,slots
5,21V00D000_notify_all,21V00D000,356309,Hardware Service,20000,6000,5,notify_all,2026-07-23 19:08:02,45,R4,0,1200,17261,slots
5,21V00D000_notify_all,21V00D000,356309,Hardware Service,20000,6000,5,notify_all,2026-07-23 19:08:02,45,R5,0,1200,17261,slots
5,21V00D000_notify_all,21V00D000,356309,Hardware Service,20000,6000,5,notify_all,2026-07-23 19:08:02,46,R1,0,1200,16065,slots
5,21V00D000_notify_all,21V00D000,356309,Hardware Service,20000,6000,5,notify_all,2026-07-23 19:08:02,46,R2,0,1200,16061,slots
5,21V00D000_notify_all,21V00D000,356309,Hardware Service,20000,6000,5,notify_all,2026-07-23 19:08:02,46,R3,0,1200,16061,slots
5,21V00D000_notify_all,21V00D000,356309,Hardware Service,20000,6000,5,notify_all,2026-07-23 19:08:02,46,R4,0,1200,16061,slots
5,21V00D000_notify_all,21V00D000,356309,Hardware Service,20000,6000,5,notify_all,2026-07-23 19:08:02,46,R5,0,1200,16061,slots
5,21V00D000_notify_all,21V00D000,356309,Hardware Service,20000,6000,5,notify_all,2026-07-23 19:08:02,47,R1,0,1200,14865,slots
5,21V00D000_notify_all,21V00D000,356309,Hardware Service,20000,6000,5,notify_all,2026-07-23 19:08:02,47,R2,0,1200,14861,slots
5,21V00D000_notify_all,21V00D000,356309,Hardware Service,20000,6000,5,notify_all,2026-07-23 19:08:02,47,R3,0,1200,14861,slots
5,21V00D000_notify_all,21V00D000,356309,Hardware Service,20000,6000,5,notify_all,2026-07-23 19:08:02,47,R4,0,1200,14861,slots
5,21V00D000_notify_all,21V00D000,356309,Hardware Service,20000,6000,5,notify_all,2026-07-23 19:08:02,47,R5,0,1200,14861,slots
5,21V00D000_notify_all,21V00D000,356309,Hardware Service,20000,6000,5,notify_all,2026-07-23 19:08:02,48,R1,0,1200,13665,slots
5,21V00D000_notify_all,21V00D000,356309,Hardware Service,20000,6000,5,notify_all,2026-07-23 19:08:02,48,R2,0,1200,13661,slots
5,21V00D000_notify_all,21V00D000,356309,Hardware Service,20000,6000,5,notify_all,2026-07-23 19:08:02,48,R3,0,1200,13661,slots
5,21V00D000_notify_all,21V00D000,356309,Hardware Service,20000,6000,5,notify_all,2026-07-23 19:08:02,48,R4,0,1200,13661,slots
5,21V00D000_notify_all,21V00D000,356309,Hardware Service,20000,6000,5,notify_all,2026-07-23 19:08:02,48,R5,0,1200,13661,slots
5,21V00D000_notify_all,21V00D000,356309,Hardware Service,20000,6000,5,notify_all,2026-07-23 19:08:02,49,R1,0,1200,12465,slots
5,21V00D000_notify_all,21V00D000,356309,Hardware Service,20000,6000,5,notify_all,2026-07-23 19:08:02,49,R2,0,1200,12461,slots
5,21V00D000_notify_all,21V00D000,356309,Hardware Service,20000,6000,5,notify_all,2026-07-23 19:08:02,49,R3,0,1200,12461,slots
5,21V00D000_notify_all,21V00D000,356309,Hardware Service,20000,6000,5,notify_all,2026-07-23 19:08:02,49,R4,0,1200,12461,slots
5,21V00D000_notify_all,21V00D000,356309,Hardware Service,20000,6000,5,notify_all,2026-07-23 19:08:02,49,R5,0,1200,12461,slots
5,21V00D000_notify_all,21V00D000,356309,Hardware Service,20000,6000,5,notify_all,2026-07-23 19:08:02,50,R1,0,1200,11265,slots
5,21V00D000_notify_all,21V00D000,356309,Hardware Service,20000,6000,5,notify_all,2026-07-23 19:08:02,50,R2,0,1200,11261,slots
5,21V00D000_notify_all,21V00D000,356309,Hardware Service,20000,6000,5,notify_all,2026-07-23 19:08:02,50,R3,0,1200,11261,slots
5,21V00D000_notify_all,21V00D000,356309,Hardware Service,20000,6000,5,notify_all,2026-07-23 19:08:02,50,R4,0,1200,11261,slots
5,21V00D000_notify_all,21V00D000,356309,Hardware Service,20000,6000,5,notify_all,2026-07-23 19:08:02,50,R5,0,1200,11261,slots
5,21V00D000_notify_all,21V00D000,356309,Hardware Service,20000,6000,5,notify_all,2026-07-23 19:08:02,51,R1,0,1200,10065,slots
5,21V00D000_notify_all,21V00D000,356309,Hardware Service,20000,6000,5,notify_all,2026-07-23 19:08:02,51,R2,0,1200,10061,slots
5,21V00D000_notify_all,21V00D000,356309,Hardware Service,20000,6000,5,notify_all,2026-07-23 19:08:02,51,R3,0,1200,10061,slots
5,21V00D000_notify_all,21V00D000,356309,Hardware Service,20000,6000,5,notify_all,2026-07-23 19:08:02,51,R4,0,1200,10061,slots
5,21V00D000_notify_all,21V00D000,356309,Hardware Service,20000,6000,5,notify_all,2026-07-23 19:08:02,51,R5,0,1200,10061,slots
5,21V00D000_notify_all,21V00D000,356309,Hardware Service,20000,6000,5,notify_all,2026-07-23 19:08:02,52,R1,0,1200,8865,slots
5,21V00D000_notify_all,21V00D000,356309,Hardware Service,20000,6000,5,notify_all,2026-07-23 19:08:02,52,R2,0,1200,8861,slots
5,21V00D000_notify_all,21V00D000,356309,Hardware Service,20000,6000,5,notify_all,2026-07-23 19:08:02,52,R3,0,1200,8861,slots
5,21V00D000_notify_all,21V00D000,356309,Hardware Service,20000,6000,5,notify_all,2026-07-23 19:08:02,52,R4,0,1200,8861,slots
5,21V00D000_notify_all,21V00D000,356309,Hardware Service,20000,6000,5,notify_all,2026-07-23 19:08:02,52,R5,0,1200,8861,slots
5,21V00D000_notify_all,21V00D000,356309,Hardware Service,20000,6000,5,notify_all,2026-07-23 19:08:02,53,R1,0,1200,7665,slots
5,21V00D000_notify_all,21V00D000,356309,Hardware Service,20000,6000,5,notify_all,2026-07-23 19:08:02,53,R2,0,1200,7661,slots
5,21V00D000_notify_all,21V00D000,356309,Hardware Service,20000,6000,5,notify_all,2026-07-23 19:08:02,53,R3,0,1200,7661,slots
5,21V00D000_notify_all,21V00D000,356309,Hardware Service,20000,6000,5,notify_all,2026-07-23 19:08:02,53,R4,0,1200,7661,slots
5,21V00D000_notify_all,21V00D000,356309,Hardware Service,20000,6000,5,notify_all,2026-07-23 19:08:02,53,R5,0,1200,7661,slots
5,21V00D000_notify_all,21V00D000,356309,Hardware Service,20000,6000,5,notify_all,2026-07-23 19:08:02,54,R1,0,1200,6465,slots
5,21V00D000_notify_all,21V00D000,356309,Hardware Service,20000,6000,5,notify_all,2026-07-23 19:08:02,54,R2,0,1200,6461,slots
5,21V00D000_notify_all,21V00D000,356309,Hardware Service,20000,6000,5,notify_all,2026-07-23 19:08:02,54,R3,0,1200,6461,slots
5,21V00D000_notify_all,21V00D000,356309,Hardware Service,20000,6000,5,notify_all,2026-07-23 19:08:02,54,R4,0,1200,6461,slots
5,21V00D000_notify_all,21V00D000,356309,Hardware Service,20000,6000,5,notify_all,2026-07-23 19:08:02,54,R5,0,1200,6461,slots
5,21V00D000_notify_all,21V00D000,356309,Hardware Service,20000,6000,5,notify_all,2026-07-23 19:08:02,55,R1,0,1200,5265,slots
5,21V00D000_notify_all,21V00D000,356309,Hardware Service,20000,6000,5,notify_all,2026-07-23 19:08:02,55,R2,0,1200,5261,slots
5,21V00D000_notify_all,21V00D000,356309,Hardware Service,20000,6000,5,notify_all,2026-07-23 19:08:02,55,R3,0,1200,5261,slots
5,21V00D000_notify_all,21V00D000,356309,Hardware Service,20000,6000,5,notify_all,2026-07-23 19:08:02,55,R4,0,1200,5261,slots
5,21V00D000_notify_all,21V00D000,356309,Hardware Service,20000,6000,5,notify_all,2026-07-23 19:08:02,55,R5,0,1200,5261,slots
5,21V00D000_notify_all,21V00D000,356309,Hardware Service,20000,6000,5,notify_all,2026-07-23 19:08:02,56,R1,0,1200,4065,slots
5,21V00D000_notify_all,21V00D000,356309,Hardware Service,20000,6000,5,notify_all,2026-07-23 19:08:02,56,R2,0,1200,4061,slots
5,21V00D000_notify_all,21V00D000,356309,Hardware Service,20000,6000,5,notify_all,2026-07-23 19:08:02,56,R3,0,1200,4061,slots
5,21V00D000_notify_all,21V00D000,356309,Hardware Service,20000,6000,5,notify_all,2026-07-23 19:08:02,56,R4,0,1200,4061,slots
5,21V00D000_notify_all,21V00D000,356309,Hardware Service,20000,6000,5,notify_all,2026-07-23 19:08:02,56,R5,0,1200,4061,slots
5,21V00D000_notify_all,21V00D000,356309,Hardware Service,20000,6000,5,notify_all,2026-07-23 19:08:02,57,R1,0,1200,2865,slots
5,21V00D000_notify_all,21V00D000,356309,Hardware Service,20000,6000,5,notify_all,2026-07-23 19:08:02,57,R2,0,1200,2861,slots
5,21V00D000_notify_all,21V00D000,356309,Hardware Service,20000,6000,5,notify_all,2026-07-23 19:08:02,57,R3,0,1200,2861,slots
5,21V00D000_notify_all,21V00D000,356309,Hardware Service,20000,6000,5,notify_all,2026-07-23 19:08:02,57,R4,0,1200,2861,slots
5,21V00D000_notify_all,21V00D000,356309,Hardware Service,20000,6000,5,notify_all,2026-07-23 19:08:02,57,R5,0,1200,2861,slots
5,21V00D000_notify_all,21V00D000,356309,Hardware Service,20000,6000,5,notify_all,2026-07-23 19:08:02,58,R1,0,1200,1665,slots
5,21V00D000_notify_all,21V00D000,356309,Hardware Service,20000,6000,5,notify_all,2026-07-23 19:08:02,58,R2,0,1200,1661,slots
5,21V00D000_notify_all,21V00D000,356309,Hardware Service,20000,6000,5,notify_all,2026-07-23 19:08:02,58,R3,0,1200,1661,slots
5,21V00D000_notify_all,21V00D000,356309,Hardware Service,20000,6000,5,notify_all,2026-07-23 19:08:02,58,R4,0,1200,1661,slots
5,21V00D000_notify_all,21V00D000,356309,Hardware Service,20000,6000,5,notify_all,2026-07-23 19:08:02,58,R5,0,1200,1661,slots
5,21V00D000_notify_all,21V00D000,356309,Hardware Service,20000,6000,5,notify_all,2026-07-23 19:08:02,59,R1,0,1200,465,slots
5,21V00D000_notify_all,21V00D000,356309,Hardware Service,20000,6000,5,notify_all,2026-07-23 19:08:02,59,R2,0,1200,461,slots
5,21V00D000_notify_all,21V00D000,356309,Hardware Service,20000,6000,5,notify_all,2026-07-23 19:08:02,59,R3,0,1200,461,slots
5,21V00D000_notify_all,21V00D000,356309,Hardware Service,20000,6000,5,notify_all,2026-07-23 19:08:02,59,R4,0,1200,461,slots
5,21V00D000_notify_all,21V00D000,356309,Hardware Service,20000,6000,5,notify_all,2026-07-23 19:08:02,59,R5,0,1200,461,slots
5,21V00D000_notify_all,21V00D000,356309,Hardware Service,20000,6000,5,notify_all,2026-07-23 19:08:02,60,R1,0,465,0,slots
5,21V00D000_notify_all,21V00D000,356309,Hardware Service,20000,6000,5,notify_all,2026-07-23 19:08:02,60,R2,0,461,0,slots
5,21V00D000_notify_all,21V00D000,356309,Hardware Service,20000,6000,5,notify_all,2026-07-23 19:08:02,60,R3,0,461,0,slots
5,21V00D000_notify_all,21V00D000,356309,Hardware Service,20000,6000,5,notify_all,2026-07-23 19:08:02,60,R4,0,461,0,slots
5,21V00D000_notify_all,21V00D000,356309,Hardware Service,20000,6000,5,notify_all,2026-07-23 19:08:02,60,R5,0,461,0,slots
6,21V00D000_capacity_matched,21V00D000,356309,Hardware Service,20000,6000,5,capacity_matched,2026-07-23 19:08:02,1,R1,1200,1200,0,slots
6,21V00D000_capacity_matched,21V00D000,356309,Hardware Service,20000,6000,5,capacity_matched,2026-07-23 19:08:02,1,R2,1200,1200,0,slots
6,21V00D000_capacity_matched,21V00D000,356309,Hardware Service,20000,6000,5,capacity_matched,2026-07-23 19:08:02,1,R3,1200,1200,0,slots
6,21V00D000_capacity_matched,21V00D000,356309,Hardware Service,20000,6000,5,capacity_matched,2026-07-23 19:08:02,1,R4,1200,1200,0,slots
6,21V00D000_capacity_matched,21V00D000,356309,Hardware Service,20000,6000,5,capacity_matched,2026-07-23 19:08:02,1,R5,1200,1200,0,slots
6,21V00D000_capacity_matched,21V00D000,356309,Hardware Service,20000,6000,5,capacity_matched,2026-07-23 19:08:02,2,R1,1200,1200,0,slots
6,21V00D000_capacity_matched,21V00D000,356309,Hardware Service,20000,6000,5,capacity_matched,2026-07-23 19:08:02,2,R2,1200,1200,0,slots
6,21V00D000_capacity_matched,21V00D000,356309,Hardware Service,20000,6000,5,capacity_matched,2026-07-23 19:08:02,2,R3,1200,1200,0,slots
6,21V00D000_capacity_matched,21V00D000,356309,Hardware Service,20000,6000,5,capacity_matched,2026-07-23 19:08:02,2,R4,1200,1200,0,slots
6,21V00D000_capacity_matched,21V00D000,356309,Hardware Service,20000,6000,5,capacity_matched,2026-07-23 19:08:02,2,R5,1200,1200,0,slots
6,21V00D000_capacity_matched,21V00D000,356309,Hardware Service,20000,6000,5,capacity_matched,2026-07-23 19:08:02,3,R1,1200,1200,0,slots
6,21V00D000_capacity_matched,21V00D000,356309,Hardware Service,20000,6000,5,capacity_matched,2026-07-23 19:08:02,3,R2,1200,1200,0,slots
6,21V00D000_capacity_matched,21V00D000,356309,Hardware Service,20000,6000,5,capacity_matched,2026-07-23 19:08:02,3,R3,1200,1200,0,slots
6,21V00D000_capacity_matched,21V00D000,356309,Hardware Service,20000,6000,5,capacity_matched,2026-07-23 19:08:02,3,R4,1200,1200,0,slots
6,21V00D000_capacity_matched,21V00D000,356309,Hardware Service,20000,6000,5,capacity_matched,2026-07-23 19:08:02,3,R5,1200,1200,0,slots
6,21V00D000_capacity_matched,21V00D000,356309,Hardware Service,20000,6000,5,capacity_matched,2026-07-23 19:08:02,4,R1,1200,1200,0,slots
6,21V00D000_capacity_matched,21V00D000,356309,Hardware Service,20000,6000,5,capacity_matched,2026-07-23 19:08:02,4,R2,1200,1200,0,slots
6,21V00D000_capacity_matched,21V00D000,356309,Hardware Service,20000,6000,5,capacity_matched,2026-07-23 19:08:02,4,R3,1200,1200,0,slots
6,21V00D000_capacity_matched,21V00D000,356309,Hardware Service,20000,6000,5,capacity_matched,2026-07-23 19:08:02,4,R4,1200,1200,0,slots
6,21V00D000_capacity_matched,21V00D000,356309,Hardware Service,20000,6000,5,capacity_matched,2026-07-23 19:08:02,4,R5,1200,1200,0,slots
6,21V00D000_capacity_matched,21V00D000,356309,Hardware Service,20000,6000,5,capacity_matched,2026-07-23 19:08:02,5,R1,1200,1200,0,slots
6,21V00D000_capacity_matched,21V00D000,356309,Hardware Service,20000,6000,5,capacity_matched,2026-07-23 19:08:02,5,R2,1200,1200,0,slots
6,21V00D000_capacity_matched,21V00D000,356309,Hardware Service,20000,6000,5,capacity_matched,2026-07-23 19:08:02,5,R3,1200,1200,0,slots
6,21V00D000_capacity_matched,21V00D000,356309,Hardware Service,20000,6000,5,capacity_matched,2026-07-23 19:08:02,5,R4,1200,1200,0,slots
6,21V00D000_capacity_matched,21V00D000,356309,Hardware Service,20000,6000,5,capacity_matched,2026-07-23 19:08:02,5,R5,1200,1200,0,slots
6,21V00D000_capacity_matched,21V00D000,356309,Hardware Service,20000,6000,5,capacity_matched,2026-07-23 19:08:02,6,R1,1200,1200,0,slots
6,21V00D000_capacity_matched,21V00D000,356309,Hardware Service,20000,6000,5,capacity_matched,2026-07-23 19:08:02,6,R2,1200,1200,0,slots
6,21V00D000_capacity_matched,21V00D000,356309,Hardware Service,20000,6000,5,capacity_matched,2026-07-23 19:08:02,6,R3,1200,1200,0,slots
6,21V00D000_capacity_matched,21V00D000,356309,Hardware Service,20000,6000,5,capacity_matched,2026-07-23 19:08:02,6,R4,1200,1200,0,slots
6,21V00D000_capacity_matched,21V00D000,356309,Hardware Service,20000,6000,5,capacity_matched,2026-07-23 19:08:02,6,R5,1200,1200,0,slots
6,21V00D000_capacity_matched,21V00D000,356309,Hardware Service,20000,6000,5,capacity_matched,2026-07-23 19:08:02,7,R1,1200,1200,0,slots
6,21V00D000_capacity_matched,21V00D000,356309,Hardware Service,20000,6000,5,capacity_matched,2026-07-23 19:08:02,7,R2,1200,1200,0,slots
6,21V00D000_capacity_matched,21V00D000,356309,Hardware Service,20000,6000,5,capacity_matched,2026-07-23 19:08:02,7,R3,1200,1200,0,slots
6,21V00D000_capacity_matched,21V00D000,356309,Hardware Service,20000,6000,5,capacity_matched,2026-07-23 19:08:02,7,R4,1200,1200,0,slots
6,21V00D000_capacity_matched,21V00D000,356309,Hardware Service,20000,6000,5,capacity_matched,2026-07-23 19:08:02,7,R5,1200,1200,0,slots
6,21V00D000_capacity_matched,21V00D000,356309,Hardware Service,20000,6000,5,capacity_matched,2026-07-23 19:08:02,8,R1,1200,1200,0,slots
6,21V00D000_capacity_matched,21V00D000,356309,Hardware Service,20000,6000,5,capacity_matched,2026-07-23 19:08:02,8,R2,1200,1200,0,slots
6,21V00D000_capacity_matched,21V00D000,356309,Hardware Service,20000,6000,5,capacity_matched,2026-07-23 19:08:02,8,R3,1200,1200,0,slots
6,21V00D000_capacity_matched,21V00D000,356309,Hardware Service,20000,6000,5,capacity_matched,2026-07-23 19:08:02,8,R4,1200,1200,0,slots
6,21V00D000_capacity_matched,21V00D000,356309,Hardware Service,20000,6000,5,capacity_matched,2026-07-23 19:08:02,8,R5,1200,1200,0,slots
6,21V00D000_capacity_matched,21V00D000,356309,Hardware Service,20000,6000,5,capacity_matched,2026-07-23 19:08:02,9,R1,1200,1200,0,slots
6,21V00D000_capacity_matched,21V00D000,356309,Hardware Service,20000,6000,5,capacity_matched,2026-07-23 19:08:02,9,R2,1200,1200,0,slots
6,21V00D000_capacity_matched,21V00D000,356309,Hardware Service,20000,6000,5,capacity_matched,2026-07-23 19:08:02,9,R3,1200,1200,0,slots
6,21V00D000_capacity_matched,21V00D000,356309,Hardware Service,20000,6000,5,capacity_matched,2026-07-23 19:08:02,9,R4,1200,1200,0,slots
6,21V00D000_capacity_matched,21V00D000,356309,Hardware Service,20000,6000,5,capacity_matched,2026-07-23 19:08:02,9,R5,1200,1200,0,slots
6,21V00D000_capacity_matched,21V00D000,356309,Hardware Service,20000,6000,5,capacity_matched,2026-07-23 19:08:02,10,R1,1200,1200,0,slots
6,21V00D000_capacity_matched,21V00D000,356309,Hardware Service,20000,6000,5,capacity_matched,2026-07-23 19:08:02,10,R2,1200,1200,0,slots
6,21V00D000_capacity_matched,21V00D000,356309,Hardware Service,20000,6000,5,capacity_matched,2026-07-23 19:08:02,10,R3,1200,1200,0,slots
6,21V00D000_capacity_matched,21V00D000,356309,Hardware Service,20000,6000,5,capacity_matched,2026-07-23 19:08:02,10,R4,1200,1200,0,slots
6,21V00D000_capacity_matched,21V00D000,356309,Hardware Service,20000,6000,5,capacity_matched,2026-07-23 19:08:02,10,R5,1200,1200,0,slots
6,21V00D000_capacity_matched,21V00D000,356309,Hardware Service,20000,6000,5,capacity_matched,2026-07-23 19:08:02,11,R1,1200,1200,0,slots
6,21V00D000_capacity_matched,21V00D000,356309,Hardware Service,20000,6000,5,capacity_matched,2026-07-23 19:08:02,11,R2,1200,1200,0,slots
6,21V00D000_capacity_matched,21V00D000,356309,Hardware Service,20000,6000,5,capacity_matched,2026-07-23 19:08:02,11,R3,1200,1200,0,slots
6,21V00D000_capacity_matched,21V00D000,356309,Hardware Service,20000,6000,5,capacity_matched,2026-07-23 19:08:02,11,R4,1200,1200,0,slots
6,21V00D000_capacity_matched,21V00D000,356309,Hardware Service,20000,6000,5,capacity_matched,2026-07-23 19:08:02,11,R5,1200,1200,0,slots
6,21V00D000_capacity_matched,21V00D000,356309,Hardware Service,20000,6000,5,capacity_matched,2026-07-23 19:08:02,12,R1,1200,1200,0,slots
6,21V00D000_capacity_matched,21V00D000,356309,Hardware Service,20000,6000,5,capacity_matched,2026-07-23 19:08:02,12,R2,1200,1200,0,slots
6,21V00D000_capacity_matched,21V00D000,356309,Hardware Service,20000,6000,5,capacity_matched,2026-07-23 19:08:02,12,R3,1200,1200,0,slots
6,21V00D000_capacity_matched,21V00D000,356309,Hardware Service,20000,6000,5,capacity_matched,2026-07-23 19:08:02,12,R4,1200,1200,0,slots
6,21V00D000_capacity_matched,21V00D000,356309,Hardware Service,20000,6000,5,capacity_matched,2026-07-23 19:08:02,12,R5,1200,1200,0,slots
6,21V00D000_capacity_matched,21V00D000,356309,Hardware Service,20000,6000,5,capacity_matched,2026-07-23 19:08:02,13,R1,1200,1200,0,slots
6,21V00D000_capacity_matched,21V00D000,356309,Hardware Service,20000,6000,5,capacity_matched,2026-07-23 19:08:02,13,R2,1200,1200,0,slots
6,21V00D000_capacity_matched,21V00D000,356309,Hardware Service,20000,6000,5,capacity_matched,2026-07-23 19:08:02,13,R3,1200,1200,0,slots
6,21V00D000_capacity_matched,21V00D000,356309,Hardware Service,20000,6000,5,capacity_matched,2026-07-23 19:08:02,13,R4,1200,1200,0,slots
6,21V00D000_capacity_matched,21V00D000,356309,Hardware Service,20000,6000,5,capacity_matched,2026-07-23 19:08:02,13,R5,1200,1200,0,slots
6,21V00D000_capacity_matched,21V00D000,356309,Hardware Service,20000,6000,5,capacity_matched,2026-07-23 19:08:02,14,R1,1200,1200,0,slots
6,21V00D000_capacity_matched,21V00D000,356309,Hardware Service,20000,6000,5,capacity_matched,2026-07-23 19:08:02,14,R2,1200,1200,0,slots
6,21V00D000_capacity_matched,21V00D000,356309,Hardware Service,20000,6000,5,capacity_matched,2026-07-23 19:08:02,14,R3,1200,1200,0,slots
6,21V00D000_capacity_matched,21V00D000,356309,Hardware Service,20000,6000,5,capacity_matched,2026-07-23 19:08:02,14,R4,1200,1200,0,slots
6,21V00D000_capacity_matched,21V00D000,356309,Hardware Service,20000,6000,5,capacity_matched,2026-07-23 19:08:02,14,R5,1200,1200,0,slots
6,21V00D000_capacity_matched,21V00D000,356309,Hardware Service,20000,6000,5,capacity_matched,2026-07-23 19:08:02,15,R1,1200,1200,0,slots
6,21V00D000_capacity_matched,21V00D000,356309,Hardware Service,20000,6000,5,capacity_matched,2026-07-23 19:08:02,15,R2,1200,1200,0,slots
6,21V00D000_capacity_matched,21V00D000,356309,Hardware Service,20000,6000,5,capacity_matched,2026-07-23 19:08:02,15,R3,1200,1200,0,slots
6,21V00D000_capacity_matched,21V00D000,356309,Hardware Service,20000,6000,5,capacity_matched,2026-07-23 19:08:02,15,R4,1200,1200,0,slots
6,21V00D000_capacity_matched,21V00D000,356309,Hardware Service,20000,6000,5,capacity_matched,2026-07-23 19:08:02,15,R5,1200,1200,0,slots
6,21V00D000_capacity_matched,21V00D000,356309,Hardware Service,20000,6000,5,capacity_matched,2026-07-23 19:08:02,16,R1,1200,1200,0,slots
6,21V00D000_capacity_matched,21V00D000,356309,Hardware Service,20000,6000,5,capacity_matched,2026-07-23 19:08:02,16,R2,1200,1200,0,slots
6,21V00D000_capacity_matched,21V00D000,356309,Hardware Service,20000,6000,5,capacity_matched,2026-07-23 19:08:02,16,R3,1200,1200,0,slots
6,21V00D000_capacity_matched,21V00D000,356309,Hardware Service,20000,6000,5,capacity_matched,2026-07-23 19:08:02,16,R4,1200,1200,0,slots
6,21V00D000_capacity_matched,21V00D000,356309,Hardware Service,20000,6000,5,capacity_matched,2026-07-23 19:08:02,16,R5,1200,1200,0,slots
6,21V00D000_capacity_matched,21V00D000,356309,Hardware Service,20000,6000,5,capacity_matched,2026-07-23 19:08:02,17,R1,1200,1200,0,slots
6,21V00D000_capacity_matched,21V00D000,356309,Hardware Service,20000,6000,5,capacity_matched,2026-07-23 19:08:02,17,R2,1200,1200,0,slots
6,21V00D000_capacity_matched,21V00D000,356309,Hardware Service,20000,6000,5,capacity_matched,2026-07-23 19:08:02,17,R3,1200,1200,0,slots
6,21V00D000_capacity_matched,21V00D000,356309,Hardware Service,20000,6000,5,capacity_matched,2026-07-23 19:08:02,17,R4,1200,1200,0,slots
6,21V00D000_capacity_matched,21V00D000,356309,Hardware Service,20000,6000,5,capacity_matched,2026-07-23 19:08:02,17,R5,1200,1200,0,slots
6,21V00D000_capacity_matched,21V00D000,356309,Hardware Service,20000,6000,5,capacity_matched,2026-07-23 19:08:02,18,R1,1200,1200,0,slots
6,21V00D000_capacity_matched,21V00D000,356309,Hardware Service,20000,6000,5,capacity_matched,2026-07-23 19:08:02,18,R2,1200,1200,0,slots
6,21V00D000_capacity_matched,21V00D000,356309,Hardware Service,20000,6000,5,capacity_matched,2026-07-23 19:08:02,18,R3,1200,1200,0,slots
6,21V00D000_capacity_matched,21V00D000,356309,Hardware Service,20000,6000,5,capacity_matched,2026-07-23 19:08:02,18,R4,1200,1200,0,slots
6,21V00D000_capacity_matched,21V00D000,356309,Hardware Service,20000,6000,5,capacity_matched,2026-07-23 19:08:02,18,R5,1200,1200,0,slots
6,21V00D000_capacity_matched,21V00D000,356309,Hardware Service,20000,6000,5,capacity_matched,2026-07-23 19:08:02,19,R1,1200,1200,0,slots
6,21V00D000_capacity_matched,21V00D000,356309,Hardware Service,20000,6000,5,capacity_matched,2026-07-23 19:08:02,19,R2,1200,1200,0,slots
6,21V00D000_capacity_matched,21V00D000,356309,Hardware Service,20000,6000,5,capacity_matched,2026-07-23 19:08:02,19,R3,1200,1200,0,slots
6,21V00D000_capacity_matched,21V00D000,356309,Hardware Service,20000,6000,5,capacity_matched,2026-07-23 19:08:02,19,R4,1200,1200,0,slots
6,21V00D000_capacity_matched,21V00D000,356309,Hardware Service,20000,6000,5,capacity_matched,2026-07-23 19:08:02,19,R5,1200,1200,0,slots
6,21V00D000_capacity_matched,21V00D000,356309,Hardware Service,20000,6000,5,capacity_matched,2026-07-23 19:08:02,20,R1,1200,1200,0,slots
6,21V00D000_capacity_matched,21V00D000,356309,Hardware Service,20000,6000,5,capacity_matched,2026-07-23 19:08:02,20,R2,1200,1200,0,slots
6,21V00D000_capacity_matched,21V00D000,356309,Hardware Service,20000,6000,5,capacity_matched,2026-07-23 19:08:02,20,R3,1200,1200,0,slots
6,21V00D000_capacity_matched,21V00D000,356309,Hardware Service,20000,6000,5,capacity_matched,2026-07-23 19:08:02,20,R4,1200,1200,0,slots
6,21V00D000_capacity_matched,21V00D000,356309,Hardware Service,20000,6000,5,capacity_matched,2026-07-23 19:08:02,20,R5,1200,1200,0,slots
6,21V00D000_capacity_matched,21V00D000,356309,Hardware Service,20000,6000,5,capacity_matched,2026-07-23 19:08:02,21,R1,1200,1200,0,slots
6,21V00D000_capacity_matched,21V00D000,356309,Hardware Service,20000,6000,5,capacity_matched,2026-07-23 19:08:02,21,R2,1200,1200,0,slots
6,21V00D000_capacity_matched,21V00D000,356309,Hardware Service,20000,6000,5,capacity_matched,2026-07-23 19:08:02,21,R3,1200,1200,0,slots
6,21V00D000_capacity_matched,21V00D000,356309,Hardware Service,20000,6000,5,capacity_matched,2026-07-23 19:08:02,21,R4,1200,1200,0,slots
6,21V00D000_capacity_matched,21V00D000,356309,Hardware Service,20000,6000,5,capacity_matched,2026-07-23 19:08:02,21,R5,1200,1200,0,slots
6,21V00D000_capacity_matched,21V00D000,356309,Hardware Service,20000,6000,5,capacity_matched,2026-07-23 19:08:02,22,R1,1200,1200,0,slots
6,21V00D000_capacity_matched,21V00D000,356309,Hardware Service,20000,6000,5,capacity_matched,2026-07-23 19:08:02,22,R2,1200,1200,0,slots
6,21V00D000_capacity_matched,21V00D000,356309,Hardware Service,20000,6000,5,capacity_matched,2026-07-23 19:08:02,22,R3,1200,1200,0,slots
6,21V00D000_capacity_matched,21V00D000,356309,Hardware Service,20000,6000,5,capacity_matched,2026-07-23 19:08:02,22,R4,1200,1200,0,slots
6,21V00D000_capacity_matched,21V00D000,356309,Hardware Service,20000,6000,5,capacity_matched,2026-07-23 19:08:02,22,R5,1200,1200,0,slots
6,21V00D000_capacity_matched,21V00D000,356309,Hardware Service,20000,6000,5,capacity_matched,2026-07-23 19:08:02,23,R1,1200,1200,0,slots
6,21V00D000_capacity_matched,21V00D000,356309,Hardware Service,20000,6000,5,capacity_matched,2026-07-23 19:08:02,23,R2,1200,1200,0,slots
6,21V00D000_capacity_matched,21V00D000,356309,Hardware Service,20000,6000,5,capacity_matched,2026-07-23 19:08:02,23,R3,1200,1200,0,slots
6,21V00D000_capacity_matched,21V00D000,356309,Hardware Service,20000,6000,5,capacity_matched,2026-07-23 19:08:02,23,R4,1200,1200,0,slots
6,21V00D000_capacity_matched,21V00D000,356309,Hardware Service,20000,6000,5,capacity_matched,2026-07-23 19:08:02,23,R5,1200,1200,0,slots
6,21V00D000_capacity_matched,21V00D000,356309,Hardware Service,20000,6000,5,capacity_matched,2026-07-23 19:08:02,24,R1,1200,1200,0,slots
6,21V00D000_capacity_matched,21V00D000,356309,Hardware Service,20000,6000,5,capacity_matched,2026-07-23 19:08:02,24,R2,1200,1200,0,slots
6,21V00D000_capacity_matched,21V00D000,356309,Hardware Service,20000,6000,5,capacity_matched,2026-07-23 19:08:02,24,R3,1200,1200,0,slots
6,21V00D000_capacity_matched,21V00D000,356309,Hardware Service,20000,6000,5,capacity_matched,2026-07-23 19:08:02,24,R4,1200,1200,0,slots
6,21V00D000_capacity_matched,21V00D000,356309,Hardware Service,20000,6000,5,capacity_matched,2026-07-23 19:08:02,24,R5,1200,1200,0,slots
6,21V00D000_capacity_matched,21V00D000,356309,Hardware Service,20000,6000,5,capacity_matched,2026-07-23 19:08:02,25,R1,1200,1200,0,slots
6,21V00D000_capacity_matched,21V00D000,356309,Hardware Service,20000,6000,5,capacity_matched,2026-07-23 19:08:02,25,R2,1200,1200,0,slots
6,21V00D000_capacity_matched,21V00D000,356309,Hardware Service,20000,6000,5,capacity_matched,2026-07-23 19:08:02,25,R3,1200,1200,0,slots
6,21V00D000_capacity_matched,21V00D000,356309,Hardware Service,20000,6000,5,capacity_matched,2026-07-23 19:08:02,25,R4,1200,1200,0,slots
6,21V00D000_capacity_matched,21V00D000,356309,Hardware Service,20000,6000,5,capacity_matched,2026-07-23 19:08:02,25,R5,1200,1200,0,slots
6,21V00D000_capacity_matched,21V00D000,356309,Hardware Service,20000,6000,5,capacity_matched,2026-07-23 19:08:02,26,R1,1200,1200,0,slots
6,21V00D000_capacity_matched,21V00D000,356309,Hardware Service,20000,6000,5,capacity_matched,2026-07-23 19:08:02,26,R2,1200,1200,0,slots
6,21V00D000_capacity_matched,21V00D000,356309,Hardware Service,20000,6000,5,capacity_matched,2026-07-23 19:08:02,26,R3,1200,1200,0,slots
6,21V00D000_capacity_matched,21V00D000,356309,Hardware Service,20000,6000,5,capacity_matched,2026-07-23 19:08:02,26,R4,1200,1200,0,slots
6,21V00D000_capacity_matched,21V00D000,356309,Hardware Service,20000,6000,5,capacity_matched,2026-07-23 19:08:02,26,R5,1200,1200,0,slots
6,21V00D000_capacity_matched,21V00D000,356309,Hardware Service,20000,6000,5,capacity_matched,2026-07-23 19:08:02,27,R1,1200,1200,0,slots
6,21V00D000_capacity_matched,21V00D000,356309,Hardware Service,20000,6000,5,capacity_matched,2026-07-23 19:08:02,27,R2,1200,1200,0,slots
6,21V00D000_capacity_matched,21V00D000,356309,Hardware Service,20000,6000,5,capacity_matched,2026-07-23 19:08:02,27,R3,1200,1200,0,slots
6,21V00D000_capacity_matched,21V00D000,356309,Hardware Service,20000,6000,5,capacity_matched,2026-07-23 19:08:02,27,R4,1200,1200,0,slots
6,21V00D000_capacity_matched,21V00D000,356309,Hardware Service,20000,6000,5,capacity_matched,2026-07-23 19:08:02,27,R5,1200,1200,0,slots
6,21V00D000_capacity_matched,21V00D000,356309,Hardware Service,20000,6000,5,capacity_matched,2026-07-23 19:08:02,28,R1,1200,1200,0,slots
6,21V00D000_capacity_matched,21V00D000,356309,Hardware Service,20000,6000,5,capacity_matched,2026-07-23 19:08:02,28,R2,1200,1200,0,slots
6,21V00D000_capacity_matched,21V00D000,356309,Hardware Service,20000,6000,5,capacity_matched,2026-07-23 19:08:02,28,R3,1200,1200,0,slots
6,21V00D000_capacity_matched,21V00D000,356309,Hardware Service,20000,6000,5,capacity_matched,2026-07-23 19:08:02,28,R4,1200,1200,0,slots
6,21V00D000_capacity_matched,21V00D000,356309,Hardware Service,20000,6000,5,capacity_matched,2026-07-23 19:08:02,28,R5,1200,1200,0,slots
6,21V00D000_capacity_matched,21V00D000,356309,Hardware Service,20000,6000,5,capacity_matched,2026-07-23 19:08:02,29,R1,1200,1200,0,slots
6,21V00D000_capacity_matched,21V00D000,356309,Hardware Service,20000,6000,5,capacity_matched,2026-07-23 19:08:02,29,R2,1200,1200,0,slots
6,21V00D000_capacity_matched,21V00D000,356309,Hardware Service,20000,6000,5,capacity_matched,2026-07-23 19:08:02,29,R3,1200,1200,0,slots
6,21V00D000_capacity_matched,21V00D000,356309,Hardware Service,20000,6000,5,capacity_matched,2026-07-23 19:08:02,29,R4,1200,1200,0,slots
6,21V00D000_capacity_matched,21V00D000,356309,Hardware Service,20000,6000,5,capacity_matched,2026-07-23 19:08:02,29,R5,1200,1200,0,slots
6,21V00D000_capacity_matched,21V00D000,356309,Hardware Service,20000,6000,5,capacity_matched,2026-07-23 19:08:02,30,R1,1200,1200,0,slots
6,21V00D000_capacity_matched,21V00D000,356309,Hardware Service,20000,6000,5,capacity_matched,2026-07-23 19:08:02,30,R2,1200,1200,0,slots
6,21V00D000_capacity_matched,21V00D000,356309,Hardware Service,20000,6000,5,capacity_matched,2026-07-23 19:08:02,30,R3,1200,1200,0,slots
6,21V00D000_capacity_matched,21V00D000,356309,Hardware Service,20000,6000,5,capacity_matched,2026-07-23 19:08:02,30,R4,1200,1200,0,slots
6,21V00D000_capacity_matched,21V00D000,356309,Hardware Service,20000,6000,5,capacity_matched,2026-07-23 19:08:02,30,R5,1200,1200,0,slots
6,21V00D000_capacity_matched,21V00D000,356309,Hardware Service,20000,6000,5,capacity_matched,2026-07-23 19:08:02,31,R1,1200,1200,0,slots
6,21V00D000_capacity_matched,21V00D000,356309,Hardware Service,20000,6000,5,capacity_matched,2026-07-23 19:08:02,31,R2,1200,1200,0,slots
6,21V00D000_capacity_matched,21V00D000,356309,Hardware Service,20000,6000,5,capacity_matched,2026-07-23 19:08:02,31,R3,1200,1200,0,slots
6,21V00D000_capacity_matched,21V00D000,356309,Hardware Service,20000,6000,5,capacity_matched,2026-07-23 19:08:02,31,R4,1200,1200,0,slots
6,21V00D000_capacity_matched,21V00D000,356309,Hardware Service,20000,6000,5,capacity_matched,2026-07-23 19:08:02,31,R5,1200,1200,0,slots
6,21V00D000_capacity_matched,21V00D000,356309,Hardware Service,20000,6000,5,capacity_matched,2026-07-23 19:08:02,32,R1,1200,1200,0,slots
6,21V00D000_capacity_matched,21V00D000,356309,Hardware Service,20000,6000,5,capacity_matched,2026-07-23 19:08:02,32,R2,1200,1200,0,slots
6,21V00D000_capacity_matched,21V00D000,356309,Hardware Service,20000,6000,5,capacity_matched,2026-07-23 19:08:02,32,R3,1200,1200,0,slots
6,21V00D000_capacity_matched,21V00D000,356309,Hardware Service,20000,6000,5,capacity_matched,2026-07-23 19:08:02,32,R4,1200,1200,0,slots
6,21V00D000_capacity_matched,21V00D000,356309,Hardware Service,20000,6000,5,capacity_matched,2026-07-23 19:08:02,32,R5,1200,1200,0,slots
6,21V00D000_capacity_matched,21V00D000,356309,Hardware Service,20000,6000,5,capacity_matched,2026-07-23 19:08:02,33,R1,1200,1200,0,slots
6,21V00D000_capacity_matched,21V00D000,356309,Hardware Service,20000,6000,5,capacity_matched,2026-07-23 19:08:02,33,R2,1200,1200,0,slots
6,21V00D000_capacity_matched,21V00D000,356309,Hardware Service,20000,6000,5,capacity_matched,2026-07-23 19:08:02,33,R3,1200,1200,0,slots
6,21V00D000_capacity_matched,21V00D000,356309,Hardware Service,20000,6000,5,capacity_matched,2026-07-23 19:08:02,33,R4,1200,1200,0,slots
6,21V00D000_capacity_matched,21V00D000,356309,Hardware Service,20000,6000,5,capacity_matched,2026-07-23 19:08:02,33,R5,1200,1200,0,slots
6,21V00D000_capacity_matched,21V00D000,356309,Hardware Service,20000,6000,5,capacity_matched,2026-07-23 19:08:02,34,R1,1200,1200,0,slots
6,21V00D000_capacity_matched,21V00D000,356309,Hardware Service,20000,6000,5,capacity_matched,2026-07-23 19:08:02,34,R2,1200,1200,0,slots
6,21V00D000_capacity_matched,21V00D000,356309,Hardware Service,20000,6000,5,capacity_matched,2026-07-23 19:08:02,34,R3,1200,1200,0,slots
6,21V00D000_capacity_matched,21V00D000,356309,Hardware Service,20000,6000,5,capacity_matched,2026-07-23 19:08:02,34,R4,1200,1200,0,slots
6,21V00D000_capacity_matched,21V00D000,356309,Hardware Service,20000,6000,5,capacity_matched,2026-07-23 19:08:02,34,R5,1200,1200,0,slots
6,21V00D000_capacity_matched,21V00D000,356309,Hardware Service,20000,6000,5,capacity_matched,2026-07-23 19:08:02,35,R1,1200,1200,0,slots
6,21V00D000_capacity_matched,21V00D000,356309,Hardware Service,20000,6000,5,capacity_matched,2026-07-23 19:08:02,35,R2,1200,1200,0,slots
6,21V00D000_capacity_matched,21V00D000,356309,Hardware Service,20000,6000,5,capacity_matched,2026-07-23 19:08:02,35,R3,1200,1200,0,slots
6,21V00D000_capacity_matched,21V00D000,356309,Hardware Service,20000,6000,5,capacity_matched,2026-07-23 19:08:02,35,R4,1200,1200,0,slots
6,21V00D000_capacity_matched,21V00D000,356309,Hardware Service,20000,6000,5,capacity_matched,2026-07-23 19:08:02,35,R5,1200,1200,0,slots
6,21V00D000_capacity_matched,21V00D000,356309,Hardware Service,20000,6000,5,capacity_matched,2026-07-23 19:08:02,36,R1,1200,1200,0,slots
6,21V00D000_capacity_matched,21V00D000,356309,Hardware Service,20000,6000,5,capacity_matched,2026-07-23 19:08:02,36,R2,1200,1200,0,slots
6,21V00D000_capacity_matched,21V00D000,356309,Hardware Service,20000,6000,5,capacity_matched,2026-07-23 19:08:02,36,R3,1200,1200,0,slots
6,21V00D000_capacity_matched,21V00D000,356309,Hardware Service,20000,6000,5,capacity_matched,2026-07-23 19:08:02,36,R4,1200,1200,0,slots
6,21V00D000_capacity_matched,21V00D000,356309,Hardware Service,20000,6000,5,capacity_matched,2026-07-23 19:08:02,36,R5,1200,1200,0,slots
6,21V00D000_capacity_matched,21V00D000,356309,Hardware Service,20000,6000,5,capacity_matched,2026-07-23 19:08:02,37,R1,1200,1200,0,slots
6,21V00D000_capacity_matched,21V00D000,356309,Hardware Service,20000,6000,5,capacity_matched,2026-07-23 19:08:02,37,R2,1200,1200,0,slots
6,21V00D000_capacity_matched,21V00D000,356309,Hardware Service,20000,6000,5,capacity_matched,2026-07-23 19:08:02,37,R3,1200,1200,0,slots
6,21V00D000_capacity_matched,21V00D000,356309,Hardware Service,20000,6000,5,capacity_matched,2026-07-23 19:08:02,37,R4,1200,1200,0,slots
6,21V00D000_capacity_matched,21V00D000,356309,Hardware Service,20000,6000,5,capacity_matched,2026-07-23 19:08:02,37,R5,1200,1200,0,slots
6,21V00D000_capacity_matched,21V00D000,356309,Hardware Service,20000,6000,5,capacity_matched,2026-07-23 19:08:02,38,R1,1200,1200,0,slots
6,21V00D000_capacity_matched,21V00D000,356309,Hardware Service,20000,6000,5,capacity_matched,2026-07-23 19:08:02,38,R2,1200,1200,0,slots
6,21V00D000_capacity_matched,21V00D000,356309,Hardware Service,20000,6000,5,capacity_matched,2026-07-23 19:08:02,38,R3,1200,1200,0,slots
6,21V00D000_capacity_matched,21V00D000,356309,Hardware Service,20000,6000,5,capacity_matched,2026-07-23 19:08:02,38,R4,1200,1200,0,slots
6,21V00D000_capacity_matched,21V00D000,356309,Hardware Service,20000,6000,5,capacity_matched,2026-07-23 19:08:02,38,R5,1200,1200,0,slots
6,21V00D000_capacity_matched,21V00D000,356309,Hardware Service,20000,6000,5,capacity_matched,2026-07-23 19:08:02,39,R1,1200,1200,0,slots
6,21V00D000_capacity_matched,21V00D000,356309,Hardware Service,20000,6000,5,capacity_matched,2026-07-23 19:08:02,39,R2,1200,1200,0,slots
6,21V00D000_capacity_matched,21V00D000,356309,Hardware Service,20000,6000,5,capacity_matched,2026-07-23 19:08:02,39,R3,1200,1200,0,slots
6,21V00D000_capacity_matched,21V00D000,356309,Hardware Service,20000,6000,5,capacity_matched,2026-07-23 19:08:02,39,R4,1200,1200,0,slots
6,21V00D000_capacity_matched,21V00D000,356309,Hardware Service,20000,6000,5,capacity_matched,2026-07-23 19:08:02,39,R5,1200,1200,0,slots
6,21V00D000_capacity_matched,21V00D000,356309,Hardware Service,20000,6000,5,capacity_matched,2026-07-23 19:08:02,40,R1,1200,1200,0,slots
6,21V00D000_capacity_matched,21V00D000,356309,Hardware Service,20000,6000,5,capacity_matched,2026-07-23 19:08:02,40,R2,1200,1200,0,slots
6,21V00D000_capacity_matched,21V00D000,356309,Hardware Service,20000,6000,5,capacity_matched,2026-07-23 19:08:02,40,R3,1200,1200,0,slots
6,21V00D000_capacity_matched,21V00D000,356309,Hardware Service,20000,6000,5,capacity_matched,2026-07-23 19:08:02,40,R4,1200,1200,0,slots
6,21V00D000_capacity_matched,21V00D000,356309,Hardware Service,20000,6000,5,capacity_matched,2026-07-23 19:08:02,40,R5,1200,1200,0,slots
6,21V00D000_capacity_matched,21V00D000,356309,Hardware Service,20000,6000,5,capacity_matched,2026-07-23 19:08:02,41,R1,1200,1200,0,slots
6,21V00D000_capacity_matched,21V00D000,356309,Hardware Service,20000,6000,5,capacity_matched,2026-07-23 19:08:02,41,R2,1200,1200,0,slots
6,21V00D000_capacity_matched,21V00D000,356309,Hardware Service,20000,6000,5,capacity_matched,2026-07-23 19:08:02,41,R3,1200,1200,0,slots
6,21V00D000_capacity_matched,21V00D000,356309,Hardware Service,20000,6000,5,capacity_matched,2026-07-23 19:08:02,41,R4,1200,1200,0,slots
6,21V00D000_capacity_matched,21V00D000,356309,Hardware Service,20000,6000,5,capacity_matched,2026-07-23 19:08:02,41,R5,1200,1200,0,slots
6,21V00D000_capacity_matched,21V00D000,356309,Hardware Service,20000,6000,5,capacity_matched,2026-07-23 19:08:02,42,R1,1200,1200,0,slots
6,21V00D000_capacity_matched,21V00D000,356309,Hardware Service,20000,6000,5,capacity_matched,2026-07-23 19:08:02,42,R2,1200,1200,0,slots
6,21V00D000_capacity_matched,21V00D000,356309,Hardware Service,20000,6000,5,capacity_matched,2026-07-23 19:08:02,42,R3,1200,1200,0,slots
6,21V00D000_capacity_matched,21V00D000,356309,Hardware Service,20000,6000,5,capacity_matched,2026-07-23 19:08:02,42,R4,1200,1200,0,slots
6,21V00D000_capacity_matched,21V00D000,356309,Hardware Service,20000,6000,5,capacity_matched,2026-07-23 19:08:02,42,R5,1200,1200,0,slots
6,21V00D000_capacity_matched,21V00D000,356309,Hardware Service,20000,6000,5,capacity_matched,2026-07-23 19:08:02,43,R1,1200,1200,0,slots
6,21V00D000_capacity_matched,21V00D000,356309,Hardware Service,20000,6000,5,capacity_matched,2026-07-23 19:08:02,43,R2,1200,1200,0,slots
6,21V00D000_capacity_matched,21V00D000,356309,Hardware Service,20000,6000,5,capacity_matched,2026-07-23 19:08:02,43,R3,1200,1200,0,slots
6,21V00D000_capacity_matched,21V00D000,356309,Hardware Service,20000,6000,5,capacity_matched,2026-07-23 19:08:02,43,R4,1200,1200,0,slots
6,21V00D000_capacity_matched,21V00D000,356309,Hardware Service,20000,6000,5,capacity_matched,2026-07-23 19:08:02,43,R5,1200,1200,0,slots
6,21V00D000_capacity_matched,21V00D000,356309,Hardware Service,20000,6000,5,capacity_matched,2026-07-23 19:08:02,44,R1,1200,1200,0,slots
6,21V00D000_capacity_matched,21V00D000,356309,Hardware Service,20000,6000,5,capacity_matched,2026-07-23 19:08:02,44,R2,1200,1200,0,slots
6,21V00D000_capacity_matched,21V00D000,356309,Hardware Service,20000,6000,5,capacity_matched,2026-07-23 19:08:02,44,R3,1200,1200,0,slots
6,21V00D000_capacity_matched,21V00D000,356309,Hardware Service,20000,6000,5,capacity_matched,2026-07-23 19:08:02,44,R4,1200,1200,0,slots
6,21V00D000_capacity_matched,21V00D000,356309,Hardware Service,20000,6000,5,capacity_matched,2026-07-23 19:08:02,44,R5,1200,1200,0,slots
6,21V00D000_capacity_matched,21V00D000,356309,Hardware Service,20000,6000,5,capacity_matched,2026-07-23 19:08:02,45,R1,1200,1200,0,slots
6,21V00D000_capacity_matched,21V00D000,356309,Hardware Service,20000,6000,5,capacity_matched,2026-07-23 19:08:02,45,R2,1200,1200,0,slots
6,21V00D000_capacity_matched,21V00D000,356309,Hardware Service,20000,6000,5,capacity_matched,2026-07-23 19:08:02,45,R3,1200,1200,0,slots
6,21V00D000_capacity_matched,21V00D000,356309,Hardware Service,20000,6000,5,capacity_matched,2026-07-23 19:08:02,45,R4,1200,1200,0,slots
6,21V00D000_capacity_matched,21V00D000,356309,Hardware Service,20000,6000,5,capacity_matched,2026-07-23 19:08:02,45,R5,1200,1200,0,slots
6,21V00D000_capacity_matched,21V00D000,356309,Hardware Service,20000,6000,5,capacity_matched,2026-07-23 19:08:02,46,R1,1200,1200,0,slots
6,21V00D000_capacity_matched,21V00D000,356309,Hardware Service,20000,6000,5,capacity_matched,2026-07-23 19:08:02,46,R2,1200,1200,0,slots
6,21V00D000_capacity_matched,21V00D000,356309,Hardware Service,20000,6000,5,capacity_matched,2026-07-23 19:08:02,46,R3,1200,1200,0,slots
6,21V00D000_capacity_matched,21V00D000,356309,Hardware Service,20000,6000,5,capacity_matched,2026-07-23 19:08:02,46,R4,1200,1200,0,slots
6,21V00D000_capacity_matched,21V00D000,356309,Hardware Service,20000,6000,5,capacity_matched,2026-07-23 19:08:02,46,R5,1200,1200,0,slots
6,21V00D000_capacity_matched,21V00D000,356309,Hardware Service,20000,6000,5,capacity_matched,2026-07-23 19:08:02,47,R1,1200,1200,0,slots
6,21V00D000_capacity_matched,21V00D000,356309,Hardware Service,20000,6000,5,capacity_matched,2026-07-23 19:08:02,47,R2,1200,1200,0,slots
6,21V00D000_capacity_matched,21V00D000,356309,Hardware Service,20000,6000,5,capacity_matched,2026-07-23 19:08:02,47,R3,1200,1200,0,slots
6,21V00D000_capacity_matched,21V00D000,356309,Hardware Service,20000,6000,5,capacity_matched,2026-07-23 19:08:02,47,R4,1200,1200,0,slots
6,21V00D000_capacity_matched,21V00D000,356309,Hardware Service,20000,6000,5,capacity_matched,2026-07-23 19:08:02,47,R5,1200,1200,0,slots
6,21V00D000_capacity_matched,21V00D000,356309,Hardware Service,20000,6000,5,capacity_matched,2026-07-23 19:08:02,48,R1,1200,1200,0,slots
6,21V00D000_capacity_matched,21V00D000,356309,Hardware Service,20000,6000,5,capacity_matched,2026-07-23 19:08:02,48,R2,1200,1200,0,slots
6,21V00D000_capacity_matched,21V00D000,356309,Hardware Service,20000,6000,5,capacity_matched,2026-07-23 19:08:02,48,R3,1200,1200,0,slots
6,21V00D000_capacity_matched,21V00D000,356309,Hardware Service,20000,6000,5,capacity_matched,2026-07-23 19:08:02,48,R4,1200,1200,0,slots
6,21V00D000_capacity_matched,21V00D000,356309,Hardware Service,20000,6000,5,capacity_matched,2026-07-23 19:08:02,48,R5,1200,1200,0,slots
6,21V00D000_capacity_matched,21V00D000,356309,Hardware Service,20000,6000,5,capacity_matched,2026-07-23 19:08:02,49,R1,1200,1200,0,slots
6,21V00D000_capacity_matched,21V00D000,356309,Hardware Service,20000,6000,5,capacity_matched,2026-07-23 19:08:02,49,R2,1200,1200,0,slots
6,21V00D000_capacity_matched,21V00D000,356309,Hardware Service,20000,6000,5,capacity_matched,2026-07-23 19:08:02,49,R3,1200,1200,0,slots
6,21V00D000_capacity_matched,21V00D000,356309,Hardware Service,20000,6000,5,capacity_matched,2026-07-23 19:08:02,49,R4,1200,1200,0,slots
6,21V00D000_capacity_matched,21V00D000,356309,Hardware Service,20000,6000,5,capacity_matched,2026-07-23 19:08:02,49,R5,1200,1200,0,slots
6,21V00D000_capacity_matched,21V00D000,356309,Hardware Service,20000,6000,5,capacity_matched,2026-07-23 19:08:02,50,R1,1200,1200,0,slots
6,21V00D000_capacity_matched,21V00D000,356309,Hardware Service,20000,6000,5,capacity_matched,2026-07-23 19:08:02,50,R2,1200,1200,0,slots
6,21V00D000_capacity_matched,21V00D000,356309,Hardware Service,20000,6000,5,capacity_matched,2026-07-23 19:08:02,50,R3,1200,1200,0,slots
6,21V00D000_capacity_matched,21V00D000,356309,Hardware Service,20000,6000,5,capacity_matched,2026-07-23 19:08:02,50,R4,1200,1200,0,slots
6,21V00D000_capacity_matched,21V00D000,356309,Hardware Service,20000,6000,5,capacity_matched,2026-07-23 19:08:02,50,R5,1200,1200,0,slots
6,21V00D000_capacity_matched,21V00D000,356309,Hardware Service,20000,6000,5,capacity_matched,2026-07-23 19:08:02,51,R1,1200,1200,0,slots
6,21V00D000_capacity_matched,21V00D000,356309,Hardware Service,20000,6000,5,capacity_matched,2026-07-23 19:08:02,51,R2,1200,1200,0,slots
6,21V00D000_capacity_matched,21V00D000,356309,Hardware Service,20000,6000,5,capacity_matched,2026-07-23 19:08:02,51,R3,1200,1200,0,slots
6,21V00D000_capacity_matched,21V00D000,356309,Hardware Service,20000,6000,5,capacity_matched,2026-07-23 19:08:02,51,R4,1200,1200,0,slots
6,21V00D000_capacity_matched,21V00D000,356309,Hardware Service,20000,6000,5,capacity_matched,2026-07-23 19:08:02,51,R5,1200,1200,0,slots
6,21V00D000_capacity_matched,21V00D000,356309,Hardware Service,20000,6000,5,capacity_matched,2026-07-23 19:08:02,52,R1,1200,1200,0,slots
6,21V00D000_capacity_matched,21V00D000,356309,Hardware Service,20000,6000,5,capacity_matched,2026-07-23 19:08:02,52,R2,1200,1200,0,slots
6,21V00D000_capacity_matched,21V00D000,356309,Hardware Service,20000,6000,5,capacity_matched,2026-07-23 19:08:02,52,R3,1200,1200,0,slots
6,21V00D000_capacity_matched,21V00D000,356309,Hardware Service,20000,6000,5,capacity_matched,2026-07-23 19:08:02,52,R4,1200,1200,0,slots
6,21V00D000_capacity_matched,21V00D000,356309,Hardware Service,20000,6000,5,capacity_matched,2026-07-23 19:08:02,52,R5,1200,1200,0,slots
6,21V00D000_capacity_matched,21V00D000,356309,Hardware Service,20000,6000,5,capacity_matched,2026-07-23 19:08:02,53,R1,1200,1200,0,slots
6,21V00D000_capacity_matched,21V00D000,356309,Hardware Service,20000,6000,5,capacity_matched,2026-07-23 19:08:02,53,R2,1200,1200,0,slots
6,21V00D000_capacity_matched,21V00D000,356309,Hardware Service,20000,6000,5,capacity_matched,2026-07-23 19:08:02,53,R3,1200,1200,0,slots
6,21V00D000_capacity_matched,21V00D000,356309,Hardware Service,20000,6000,5,capacity_matched,2026-07-23 19:08:02,53,R4,1200,1200,0,slots
6,21V00D000_capacity_matched,21V00D000,356309,Hardware Service,20000,6000,5,capacity_matched,2026-07-23 19:08:02,53,R5,1200,1200,0,slots
6,21V00D000_capacity_matched,21V00D000,356309,Hardware Service,20000,6000,5,capacity_matched,2026-07-23 19:08:02,54,R1,1200,1200,0,slots
6,21V00D000_capacity_matched,21V00D000,356309,Hardware Service,20000,6000,5,capacity_matched,2026-07-23 19:08:02,54,R2,1200,1200,0,slots
6,21V00D000_capacity_matched,21V00D000,356309,Hardware Service,20000,6000,5,capacity_matched,2026-07-23 19:08:02,54,R3,1200,1200,0,slots
6,21V00D000_capacity_matched,21V00D000,356309,Hardware Service,20000,6000,5,capacity_matched,2026-07-23 19:08:02,54,R4,1200,1200,0,slots
6,21V00D000_capacity_matched,21V00D000,356309,Hardware Service,20000,6000,5,capacity_matched,2026-07-23 19:08:02,54,R5,1200,1200,0,slots
6,21V00D000_capacity_matched,21V00D000,356309,Hardware Service,20000,6000,5,capacity_matched,2026-07-23 19:08:02,55,R1,1200,1200,0,slots
6,21V00D000_capacity_matched,21V00D000,356309,Hardware Service,20000,6000,5,capacity_matched,2026-07-23 19:08:02,55,R2,1200,1200,0,slots
6,21V00D000_capacity_matched,21V00D000,356309,Hardware Service,20000,6000,5,capacity_matched,2026-07-23 19:08:02,55,R3,1200,1200,0,slots
6,21V00D000_capacity_matched,21V00D000,356309,Hardware Service,20000,6000,5,capacity_matched,2026-07-23 19:08:02,55,R4,1200,1200,0,slots
6,21V00D000_capacity_matched,21V00D000,356309,Hardware Service,20000,6000,5,capacity_matched,2026-07-23 19:08:02,55,R5,1200,1200,0,slots
6,21V00D000_capacity_matched,21V00D000,356309,Hardware Service,20000,6000,5,capacity_matched,2026-07-23 19:08:02,56,R1,1200,1200,0,slots
6,21V00D000_capacity_matched,21V00D000,356309,Hardware Service,20000,6000,5,capacity_matched,2026-07-23 19:08:02,56,R2,1200,1200,0,slots
6,21V00D000_capacity_matched,21V00D000,356309,Hardware Service,20000,6000,5,capacity_matched,2026-07-23 19:08:02,56,R3,1200,1200,0,slots
6,21V00D000_capacity_matched,21V00D000,356309,Hardware Service,20000,6000,5,capacity_matched,2026-07-23 19:08:02,56,R4,1200,1200,0,slots
6,21V00D000_capacity_matched,21V00D000,356309,Hardware Service,20000,6000,5,capacity_matched,2026-07-23 19:08:02,56,R5,1200,1200,0,slots
6,21V00D000_capacity_matched,21V00D000,356309,Hardware Service,20000,6000,5,capacity_matched,2026-07-23 19:08:02,57,R1,1200,1200,0,slots
6,21V00D000_capacity_matched,21V00D000,356309,Hardware Service,20000,6000,5,capacity_matched,2026-07-23 19:08:02,57,R2,1200,1200,0,slots
6,21V00D000_capacity_matched,21V00D000,356309,Hardware Service,20000,6000,5,capacity_matched,2026-07-23 19:08:02,57,R3,1200,1200,0,slots
6,21V00D000_capacity_matched,21V00D000,356309,Hardware Service,20000,6000,5,capacity_matched,2026-07-23 19:08:02,57,R4,1200,1200,0,slots
6,21V00D000_capacity_matched,21V00D000,356309,Hardware Service,20000,6000,5,capacity_matched,2026-07-23 19:08:02,57,R5,1200,1200,0,slots
6,21V00D000_capacity_matched,21V00D000,356309,Hardware Service,20000,6000,5,capacity_matched,2026-07-23 19:08:02,58,R1,1200,1200,0,slots
6,21V00D000_capacity_matched,21V00D000,356309,Hardware Service,20000,6000,5,capacity_matched,2026-07-23 19:08:02,58,R2,1200,1200,0,slots
6,21V00D000_capacity_matched,21V00D000,356309,Hardware Service,20000,6000,5,capacity_matched,2026-07-23 19:08:02,58,R3,1200,1200,0,slots
6,21V00D000_capacity_matched,21V00D000,356309,Hardware Service,20000,6000,5,capacity_matched,2026-07-23 19:08:02,58,R4,1200,1200,0,slots
6,21V00D000_capacity_matched,21V00D000,356309,Hardware Service,20000,6000,5,capacity_matched,2026-07-23 19:08:02,58,R5,1200,1200,0,slots
6,21V00D000_capacity_matched,21V00D000,356309,Hardware Service,20000,6000,5,capacity_matched,2026-07-23 19:08:02,59,R1,1200,1200,0,slots
6,21V00D000_capacity_matched,21V00D000,356309,Hardware Service,20000,6000,5,capacity_matched,2026-07-23 19:08:02,59,R2,1200,1200,0,slots
6,21V00D000_capacity_matched,21V00D000,356309,Hardware Service,20000,6000,5,capacity_matched,2026-07-23 19:08:02,59,R3,1200,1200,0,slots
6,21V00D000_capacity_matched,21V00D000,356309,Hardware Service,20000,6000,5,capacity_matched,2026-07-23 19:08:02,59,R4,1200,1200,0,slots
6,21V00D000_capacity_matched,21V00D000,356309,Hardware Service,20000,6000,5,capacity_matched,2026-07-23 19:08:02,59,R5,1200,1200,0,slots
6,21V00D000_capacity_matched,21V00D000,356309,Hardware Service,20000,6000,5,capacity_matched,2026-07-23 19:08:02,60,R1,465,465,0,slots
6,21V00D000_capacity_matched,21V00D000,356309,Hardware Service,20000,6000,5,capacity_matched,2026-07-23 19:08:02,60,R2,461,461,0,slots
6,21V00D000_capacity_matched,21V00D000,356309,Hardware Service,20000,6000,5,capacity_matched,2026-07-23 19:08:02,60,R3,461,461,0,slots
6,21V00D000_capacity_matched,21V00D000,356309,Hardware Service,20000,6000,5,capacity_matched,2026-07-23 19:08:02,60,R4,461,461,0,slots
6,21V00D000_capacity_matched,21V00D000,356309,Hardware Service,20000,6000,5,capacity_matched,2026-07-23 19:08:02,60,R5,461,461,0,slots
7,21V00D000_notify_all,21V00D000,356309,Hardware Service,8000,12000,5,notify_all,2026-07-25 22:50:14,1,R1,71265,1600,69665,parts
7,21V00D000_notify_all,21V00D000,356309,Hardware Service,8000,12000,5,notify_all,2026-07-25 22:50:14,1,R2,71261,1600,69661,parts
7,21V00D000_notify_all,21V00D000,356309,Hardware Service,8000,12000,5,notify_all,2026-07-25 22:50:14,1,R3,71261,1600,69661,parts
7,21V00D000_notify_all,21V00D000,356309,Hardware Service,8000,12000,5,notify_all,2026-07-25 22:50:14,1,R4,71261,1600,69661,parts
7,21V00D000_notify_all,21V00D000,356309,Hardware Service,8000,12000,5,notify_all,2026-07-25 22:50:14,1,R5,71261,1600,69661,parts
7,21V00D000_notify_all,21V00D000,356309,Hardware Service,8000,12000,5,notify_all,2026-07-25 22:50:14,2,R1,0,1600,68065,parts
7,21V00D000_notify_all,21V00D000,356309,Hardware Service,8000,12000,5,notify_all,2026-07-25 22:50:14,2,R2,0,1600,68061,parts
7,21V00D000_notify_all,21V00D000,356309,Hardware Service,8000,12000,5,notify_all,2026-07-25 22:50:14,2,R3,0,1600,68061,parts
7,21V00D000_notify_all,21V00D000,356309,Hardware Service,8000,12000,5,notify_all,2026-07-25 22:50:14,2,R4,0,1600,68061,parts
7,21V00D000_notify_all,21V00D000,356309,Hardware Service,8000,12000,5,notify_all,2026-07-25 22:50:14,2,R5,0,1600,68061,parts
7,21V00D000_notify_all,21V00D000,356309,Hardware Service,8000,12000,5,notify_all,2026-07-25 22:50:14,3,R1,0,1600,66465,parts
7,21V00D000_notify_all,21V00D000,356309,Hardware Service,8000,12000,5,notify_all,2026-07-25 22:50:14,3,R2,0,1600,66461,parts
7,21V00D000_notify_all,21V00D000,356309,Hardware Service,8000,12000,5,notify_all,2026-07-25 22:50:14,3,R3,0,1600,66461,parts
7,21V00D000_notify_all,21V00D000,356309,Hardware Service,8000,12000,5,notify_all,2026-07-25 22:50:14,3,R4,0,1600,66461,parts
7,21V00D000_notify_all,21V00D000,356309,Hardware Service,8000,12000,5,notify_all,2026-07-25 22:50:14,3,R5,0,1600,66461,parts
7,21V00D000_notify_all,21V00D000,356309,Hardware Service,8000,12000,5,notify_all,2026-07-25 22:50:14,4,R1,0,1600,64865,parts
7,21V00D000_notify_all,21V00D000,356309,Hardware Service,8000,12000,5,notify_all,2026-07-25 22:50:14,4,R2,0,1600,64861,parts
7,21V00D000_notify_all,21V00D000,356309,Hardware Service,8000,12000,5,notify_all,2026-07-25 22:50:14,4,R3,0,1600,64861,parts
7,21V00D000_notify_all,21V00D000,356309,Hardware Service,8000,12000,5,notify_all,2026-07-25 22:50:14,4,R4,0,1600,64861,parts
7,21V00D000_notify_all,21V00D000,356309,Hardware Service,8000,12000,5,notify_all,2026-07-25 22:50:14,4,R5,0,1600,64861,parts
7,21V00D000_notify_all,21V00D000,356309,Hardware Service,8000,12000,5,notify_all,2026-07-25 22:50:14,5,R1,0,1600,63265,parts
7,21V00D000_notify_all,21V00D000,356309,Hardware Service,8000,12000,5,notify_all,2026-07-25 22:50:14,5,R2,0,1600,63261,parts
7,21V00D000_notify_all,21V00D000,356309,Hardware Service,8000,12000,5,notify_all,2026-07-25 22:50:14,5,R3,0,1600,63261,parts
7,21V00D000_notify_all,21V00D000,356309,Hardware Service,8000,12000,5,notify_all,2026-07-25 22:50:14,5,R4,0,1600,63261,parts
7,21V00D000_notify_all,21V00D000,356309,Hardware Service,8000,12000,5,notify_all,2026-07-25 22:50:14,5,R5,0,1600,63261,parts
7,21V00D000_notify_all,21V00D000,356309,Hardware Service,8000,12000,5,notify_all,2026-07-25 22:50:14,6,R1,0,1600,61665,parts
7,21V00D000_notify_all,21V00D000,356309,Hardware Service,8000,12000,5,notify_all,2026-07-25 22:50:14,6,R2,0,1600,61661,parts
7,21V00D000_notify_all,21V00D000,356309,Hardware Service,8000,12000,5,notify_all,2026-07-25 22:50:14,6,R3,0,1600,61661,parts
7,21V00D000_notify_all,21V00D000,356309,Hardware Service,8000,12000,5,notify_all,2026-07-25 22:50:14,6,R4,0,1600,61661,parts
7,21V00D000_notify_all,21V00D000,356309,Hardware Service,8000,12000,5,notify_all,2026-07-25 22:50:14,6,R5,0,1600,61661,parts
7,21V00D000_notify_all,21V00D000,356309,Hardware Service,8000,12000,5,notify_all,2026-07-25 22:50:14,7,R1,0,1600,60065,parts
7,21V00D000_notify_all,21V00D000,356309,Hardware Service,8000,12000,5,notify_all,2026-07-25 22:50:14,7,R2,0,1600,60061,parts
7,21V00D000_notify_all,21V00D000,356309,Hardware Service,8000,12000,5,notify_all,2026-07-25 22:50:14,7,R3,0,1600,60061,parts
7,21V00D000_notify_all,21V00D000,356309,Hardware Service,8000,12000,5,notify_all,2026-07-25 22:50:14,7,R4,0,1600,60061,parts
7,21V00D000_notify_all,21V00D000,356309,Hardware Service,8000,12000,5,notify_all,2026-07-25 22:50:14,7,R5,0,1600,60061,parts
7,21V00D000_notify_all,21V00D000,356309,Hardware Service,8000,12000,5,notify_all,2026-07-25 22:50:14,8,R1,0,1600,58465,parts
7,21V00D000_notify_all,21V00D000,356309,Hardware Service,8000,12000,5,notify_all,2026-07-25 22:50:14,8,R2,0,1600,58461,parts
7,21V00D000_notify_all,21V00D000,356309,Hardware Service,8000,12000,5,notify_all,2026-07-25 22:50:14,8,R3,0,1600,58461,parts
7,21V00D000_notify_all,21V00D000,356309,Hardware Service,8000,12000,5,notify_all,2026-07-25 22:50:14,8,R4,0,1600,58461,parts
7,21V00D000_notify_all,21V00D000,356309,Hardware Service,8000,12000,5,notify_all,2026-07-25 22:50:14,8,R5,0,1600,58461,parts
7,21V00D000_notify_all,21V00D000,356309,Hardware Service,8000,12000,5,notify_all,2026-07-25 22:50:14,9,R1,0,1600,56865,parts
7,21V00D000_notify_all,21V00D000,356309,Hardware Service,8000,12000,5,notify_all,2026-07-25 22:50:14,9,R2,0,1600,56861,parts
7,21V00D000_notify_all,21V00D000,356309,Hardware Service,8000,12000,5,notify_all,2026-07-25 22:50:14,9,R3,0,1600,56861,parts
7,21V00D000_notify_all,21V00D000,356309,Hardware Service,8000,12000,5,notify_all,2026-07-25 22:50:14,9,R4,0,1600,56861,parts
7,21V00D000_notify_all,21V00D000,356309,Hardware Service,8000,12000,5,notify_all,2026-07-25 22:50:14,9,R5,0,1600,56861,parts
7,21V00D000_notify_all,21V00D000,356309,Hardware Service,8000,12000,5,notify_all,2026-07-25 22:50:14,10,R1,0,1600,55265,parts
7,21V00D000_notify_all,21V00D000,356309,Hardware Service,8000,12000,5,notify_all,2026-07-25 22:50:14,10,R2,0,1600,55261,parts
7,21V00D000_notify_all,21V00D000,356309,Hardware Service,8000,12000,5,notify_all,2026-07-25 22:50:14,10,R3,0,1600,55261,parts
7,21V00D000_notify_all,21V00D000,356309,Hardware Service,8000,12000,5,notify_all,2026-07-25 22:50:14,10,R4,0,1600,55261,parts
7,21V00D000_notify_all,21V00D000,356309,Hardware Service,8000,12000,5,notify_all,2026-07-25 22:50:14,10,R5,0,1600,55261,parts
7,21V00D000_notify_all,21V00D000,356309,Hardware Service,8000,12000,5,notify_all,2026-07-25 22:50:14,11,R1,0,1600,53665,parts
7,21V00D000_notify_all,21V00D000,356309,Hardware Service,8000,12000,5,notify_all,2026-07-25 22:50:14,11,R2,0,1600,53661,parts
7,21V00D000_notify_all,21V00D000,356309,Hardware Service,8000,12000,5,notify_all,2026-07-25 22:50:14,11,R3,0,1600,53661,parts
7,21V00D000_notify_all,21V00D000,356309,Hardware Service,8000,12000,5,notify_all,2026-07-25 22:50:14,11,R4,0,1600,53661,parts
7,21V00D000_notify_all,21V00D000,356309,Hardware Service,8000,12000,5,notify_all,2026-07-25 22:50:14,11,R5,0,1600,53661,parts
7,21V00D000_notify_all,21V00D000,356309,Hardware Service,8000,12000,5,notify_all,2026-07-25 22:50:14,12,R1,0,1600,52065,parts
7,21V00D000_notify_all,21V00D000,356309,Hardware Service,8000,12000,5,notify_all,2026-07-25 22:50:14,12,R2,0,1600,52061,parts
7,21V00D000_notify_all,21V00D000,356309,Hardware Service,8000,12000,5,notify_all,2026-07-25 22:50:14,12,R3,0,1600,52061,parts
7,21V00D000_notify_all,21V00D000,356309,Hardware Service,8000,12000,5,notify_all,2026-07-25 22:50:14,12,R4,0,1600,52061,parts
7,21V00D000_notify_all,21V00D000,356309,Hardware Service,8000,12000,5,notify_all,2026-07-25 22:50:14,12,R5,0,1600,52061,parts
7,21V00D000_notify_all,21V00D000,356309,Hardware Service,8000,12000,5,notify_all,2026-07-25 22:50:14,13,R1,0,1600,50465,parts
7,21V00D000_notify_all,21V00D000,356309,Hardware Service,8000,12000,5,notify_all,2026-07-25 22:50:14,13,R2,0,1600,50461,parts
7,21V00D000_notify_all,21V00D000,356309,Hardware Service,8000,12000,5,notify_all,2026-07-25 22:50:14,13,R3,0,1600,50461,parts
7,21V00D000_notify_all,21V00D000,356309,Hardware Service,8000,12000,5,notify_all,2026-07-25 22:50:14,13,R4,0,1600,50461,parts
7,21V00D000_notify_all,21V00D000,356309,Hardware Service,8000,12000,5,notify_all,2026-07-25 22:50:14,13,R5,0,1600,50461,parts
7,21V00D000_notify_all,21V00D000,356309,Hardware Service,8000,12000,5,notify_all,2026-07-25 22:50:14,14,R1,0,1600,48865,parts
7,21V00D000_notify_all,21V00D000,356309,Hardware Service,8000,12000,5,notify_all,2026-07-25 22:50:14,14,R2,0,1600,48861,parts
7,21V00D000_notify_all,21V00D000,356309,Hardware Service,8000,12000,5,notify_all,2026-07-25 22:50:14,14,R3,0,1600,48861,parts
7,21V00D000_notify_all,21V00D000,356309,Hardware Service,8000,12000,5,notify_all,2026-07-25 22:50:14,14,R4,0,1600,48861,parts
7,21V00D000_notify_all,21V00D000,356309,Hardware Service,8000,12000,5,notify_all,2026-07-25 22:50:14,14,R5,0,1600,48861,parts
7,21V00D000_notify_all,21V00D000,356309,Hardware Service,8000,12000,5,notify_all,2026-07-25 22:50:14,15,R1,0,1600,47265,parts
7,21V00D000_notify_all,21V00D000,356309,Hardware Service,8000,12000,5,notify_all,2026-07-25 22:50:14,15,R2,0,1600,47261,parts
7,21V00D000_notify_all,21V00D000,356309,Hardware Service,8000,12000,5,notify_all,2026-07-25 22:50:14,15,R3,0,1600,47261,parts
7,21V00D000_notify_all,21V00D000,356309,Hardware Service,8000,12000,5,notify_all,2026-07-25 22:50:14,15,R4,0,1600,47261,parts
7,21V00D000_notify_all,21V00D000,356309,Hardware Service,8000,12000,5,notify_all,2026-07-25 22:50:14,15,R5,0,1600,47261,parts
7,21V00D000_notify_all,21V00D000,356309,Hardware Service,8000,12000,5,notify_all,2026-07-25 22:50:14,16,R1,0,1600,45665,parts
7,21V00D000_notify_all,21V00D000,356309,Hardware Service,8000,12000,5,notify_all,2026-07-25 22:50:14,16,R2,0,1600,45661,parts
7,21V00D000_notify_all,21V00D000,356309,Hardware Service,8000,12000,5,notify_all,2026-07-25 22:50:14,16,R3,0,1600,45661,parts
7,21V00D000_notify_all,21V00D000,356309,Hardware Service,8000,12000,5,notify_all,2026-07-25 22:50:14,16,R4,0,1600,45661,parts
7,21V00D000_notify_all,21V00D000,356309,Hardware Service,8000,12000,5,notify_all,2026-07-25 22:50:14,16,R5,0,1600,45661,parts
7,21V00D000_notify_all,21V00D000,356309,Hardware Service,8000,12000,5,notify_all,2026-07-25 22:50:14,17,R1,0,1600,44065,parts
7,21V00D000_notify_all,21V00D000,356309,Hardware Service,8000,12000,5,notify_all,2026-07-25 22:50:14,17,R2,0,1600,44061,parts
7,21V00D000_notify_all,21V00D000,356309,Hardware Service,8000,12000,5,notify_all,2026-07-25 22:50:14,17,R3,0,1600,44061,parts
7,21V00D000_notify_all,21V00D000,356309,Hardware Service,8000,12000,5,notify_all,2026-07-25 22:50:14,17,R4,0,1600,44061,parts
7,21V00D000_notify_all,21V00D000,356309,Hardware Service,8000,12000,5,notify_all,2026-07-25 22:50:14,17,R5,0,1600,44061,parts
7,21V00D000_notify_all,21V00D000,356309,Hardware Service,8000,12000,5,notify_all,2026-07-25 22:50:14,18,R1,0,1600,42465,parts
7,21V00D000_notify_all,21V00D000,356309,Hardware Service,8000,12000,5,notify_all,2026-07-25 22:50:14,18,R2,0,1600,42461,parts
7,21V00D000_notify_all,21V00D000,356309,Hardware Service,8000,12000,5,notify_all,2026-07-25 22:50:14,18,R3,0,1600,42461,parts
7,21V00D000_notify_all,21V00D000,356309,Hardware Service,8000,12000,5,notify_all,2026-07-25 22:50:14,18,R4,0,1600,42461,parts
7,21V00D000_notify_all,21V00D000,356309,Hardware Service,8000,12000,5,notify_all,2026-07-25 22:50:14,18,R5,0,1600,42461,parts
7,21V00D000_notify_all,21V00D000,356309,Hardware Service,8000,12000,5,notify_all,2026-07-25 22:50:14,19,R1,0,1600,40865,parts
7,21V00D000_notify_all,21V00D000,356309,Hardware Service,8000,12000,5,notify_all,2026-07-25 22:50:14,19,R2,0,1600,40861,parts
7,21V00D000_notify_all,21V00D000,356309,Hardware Service,8000,12000,5,notify_all,2026-07-25 22:50:14,19,R3,0,1600,40861,parts
7,21V00D000_notify_all,21V00D000,356309,Hardware Service,8000,12000,5,notify_all,2026-07-25 22:50:14,19,R4,0,1600,40861,parts
7,21V00D000_notify_all,21V00D000,356309,Hardware Service,8000,12000,5,notify_all,2026-07-25 22:50:14,19,R5,0,1600,40861,parts
7,21V00D000_notify_all,21V00D000,356309,Hardware Service,8000,12000,5,notify_all,2026-07-25 22:50:14,20,R1,0,1600,39265,parts
7,21V00D000_notify_all,21V00D000,356309,Hardware Service,8000,12000,5,notify_all,2026-07-25 22:50:14,20,R2,0,1600,39261,parts
7,21V00D000_notify_all,21V00D000,356309,Hardware Service,8000,12000,5,notify_all,2026-07-25 22:50:14,20,R3,0,1600,39261,parts
7,21V00D000_notify_all,21V00D000,356309,Hardware Service,8000,12000,5,notify_all,2026-07-25 22:50:14,20,R4,0,1600,39261,parts
7,21V00D000_notify_all,21V00D000,356309,Hardware Service,8000,12000,5,notify_all,2026-07-25 22:50:14,20,R5,0,1600,39261,parts
7,21V00D000_notify_all,21V00D000,356309,Hardware Service,8000,12000,5,notify_all,2026-07-25 22:50:14,21,R1,0,1600,37665,parts
7,21V00D000_notify_all,21V00D000,356309,Hardware Service,8000,12000,5,notify_all,2026-07-25 22:50:14,21,R2,0,1600,37661,parts
7,21V00D000_notify_all,21V00D000,356309,Hardware Service,8000,12000,5,notify_all,2026-07-25 22:50:14,21,R3,0,1600,37661,parts
7,21V00D000_notify_all,21V00D000,356309,Hardware Service,8000,12000,5,notify_all,2026-07-25 22:50:14,21,R4,0,1600,37661,parts
7,21V00D000_notify_all,21V00D000,356309,Hardware Service,8000,12000,5,notify_all,2026-07-25 22:50:14,21,R5,0,1600,37661,parts
7,21V00D000_notify_all,21V00D000,356309,Hardware Service,8000,12000,5,notify_all,2026-07-25 22:50:14,22,R1,0,1600,36065,parts
7,21V00D000_notify_all,21V00D000,356309,Hardware Service,8000,12000,5,notify_all,2026-07-25 22:50:14,22,R2,0,1600,36061,parts
7,21V00D000_notify_all,21V00D000,356309,Hardware Service,8000,12000,5,notify_all,2026-07-25 22:50:14,22,R3,0,1600,36061,parts
7,21V00D000_notify_all,21V00D000,356309,Hardware Service,8000,12000,5,notify_all,2026-07-25 22:50:14,22,R4,0,1600,36061,parts
7,21V00D000_notify_all,21V00D000,356309,Hardware Service,8000,12000,5,notify_all,2026-07-25 22:50:14,22,R5,0,1600,36061,parts
7,21V00D000_notify_all,21V00D000,356309,Hardware Service,8000,12000,5,notify_all,2026-07-25 22:50:14,23,R1,0,1600,34465,parts
7,21V00D000_notify_all,21V00D000,356309,Hardware Service,8000,12000,5,notify_all,2026-07-25 22:50:14,23,R2,0,1600,34461,parts
7,21V00D000_notify_all,21V00D000,356309,Hardware Service,8000,12000,5,notify_all,2026-07-25 22:50:14,23,R3,0,1600,34461,parts
7,21V00D000_notify_all,21V00D000,356309,Hardware Service,8000,12000,5,notify_all,2026-07-25 22:50:14,23,R4,0,1600,34461,parts
7,21V00D000_notify_all,21V00D000,356309,Hardware Service,8000,12000,5,notify_all,2026-07-25 22:50:14,23,R5,0,1600,34461,parts
7,21V00D000_notify_all,21V00D000,356309,Hardware Service,8000,12000,5,notify_all,2026-07-25 22:50:14,24,R1,0,1600,32865,parts
7,21V00D000_notify_all,21V00D000,356309,Hardware Service,8000,12000,5,notify_all,2026-07-25 22:50:14,24,R2,0,1600,32861,parts
7,21V00D000_notify_all,21V00D000,356309,Hardware Service,8000,12000,5,notify_all,2026-07-25 22:50:14,24,R3,0,1600,32861,parts
7,21V00D000_notify_all,21V00D000,356309,Hardware Service,8000,12000,5,notify_all,2026-07-25 22:50:14,24,R4,0,1600,32861,parts
7,21V00D000_notify_all,21V00D000,356309,Hardware Service,8000,12000,5,notify_all,2026-07-25 22:50:14,24,R5,0,1600,32861,parts
7,21V00D000_notify_all,21V00D000,356309,Hardware Service,8000,12000,5,notify_all,2026-07-25 22:50:14,25,R1,0,1600,31265,parts
7,21V00D000_notify_all,21V00D000,356309,Hardware Service,8000,12000,5,notify_all,2026-07-25 22:50:14,25,R2,0,1600,31261,parts
7,21V00D000_notify_all,21V00D000,356309,Hardware Service,8000,12000,5,notify_all,2026-07-25 22:50:14,25,R3,0,1600,31261,parts
7,21V00D000_notify_all,21V00D000,356309,Hardware Service,8000,12000,5,notify_all,2026-07-25 22:50:14,25,R4,0,1600,31261,parts
7,21V00D000_notify_all,21V00D000,356309,Hardware Service,8000,12000,5,notify_all,2026-07-25 22:50:14,25,R5,0,1600,31261,parts
7,21V00D000_notify_all,21V00D000,356309,Hardware Service,8000,12000,5,notify_all,2026-07-25 22:50:14,26,R1,0,1600,29665,parts
7,21V00D000_notify_all,21V00D000,356309,Hardware Service,8000,12000,5,notify_all,2026-07-25 22:50:14,26,R2,0,1600,29661,parts
7,21V00D000_notify_all,21V00D000,356309,Hardware Service,8000,12000,5,notify_all,2026-07-25 22:50:14,26,R3,0,1600,29661,parts
7,21V00D000_notify_all,21V00D000,356309,Hardware Service,8000,12000,5,notify_all,2026-07-25 22:50:14,26,R4,0,1600,29661,parts
7,21V00D000_notify_all,21V00D000,356309,Hardware Service,8000,12000,5,notify_all,2026-07-25 22:50:14,26,R5,0,1600,29661,parts
7,21V00D000_notify_all,21V00D000,356309,Hardware Service,8000,12000,5,notify_all,2026-07-25 22:50:14,27,R1,0,1600,28065,parts
7,21V00D000_notify_all,21V00D000,356309,Hardware Service,8000,12000,5,notify_all,2026-07-25 22:50:14,27,R2,0,1600,28061,parts
7,21V00D000_notify_all,21V00D000,356309,Hardware Service,8000,12000,5,notify_all,2026-07-25 22:50:14,27,R3,0,1600,28061,parts
7,21V00D000_notify_all,21V00D000,356309,Hardware Service,8000,12000,5,notify_all,2026-07-25 22:50:14,27,R4,0,1600,28061,parts
7,21V00D000_notify_all,21V00D000,356309,Hardware Service,8000,12000,5,notify_all,2026-07-25 22:50:14,27,R5,0,1600,28061,parts
7,21V00D000_notify_all,21V00D000,356309,Hardware Service,8000,12000,5,notify_all,2026-07-25 22:50:14,28,R1,0,1600,26465,parts
7,21V00D000_notify_all,21V00D000,356309,Hardware Service,8000,12000,5,notify_all,2026-07-25 22:50:14,28,R2,0,1600,26461,parts
7,21V00D000_notify_all,21V00D000,356309,Hardware Service,8000,12000,5,notify_all,2026-07-25 22:50:14,28,R3,0,1600,26461,parts
7,21V00D000_notify_all,21V00D000,356309,Hardware Service,8000,12000,5,notify_all,2026-07-25 22:50:14,28,R4,0,1600,26461,parts
7,21V00D000_notify_all,21V00D000,356309,Hardware Service,8000,12000,5,notify_all,2026-07-25 22:50:14,28,R5,0,1600,26461,parts
7,21V00D000_notify_all,21V00D000,356309,Hardware Service,8000,12000,5,notify_all,2026-07-25 22:50:14,29,R1,0,1600,24865,parts
7,21V00D000_notify_all,21V00D000,356309,Hardware Service,8000,12000,5,notify_all,2026-07-25 22:50:14,29,R2,0,1600,24861,parts
7,21V00D000_notify_all,21V00D000,356309,Hardware Service,8000,12000,5,notify_all,2026-07-25 22:50:14,29,R3,0,1600,24861,parts
7,21V00D000_notify_all,21V00D000,356309,Hardware Service,8000,12000,5,notify_all,2026-07-25 22:50:14,29,R4,0,1600,24861,parts
7,21V00D000_notify_all,21V00D000,356309,Hardware Service,8000,12000,5,notify_all,2026-07-25 22:50:14,29,R5,0,1600,24861,parts
7,21V00D000_notify_all,21V00D000,356309,Hardware Service,8000,12000,5,notify_all,2026-07-25 22:50:14,30,R1,0,1600,23265,parts
7,21V00D000_notify_all,21V00D000,356309,Hardware Service,8000,12000,5,notify_all,2026-07-25 22:50:14,30,R2,0,1600,23261,parts
7,21V00D000_notify_all,21V00D000,356309,Hardware Service,8000,12000,5,notify_all,2026-07-25 22:50:14,30,R3,0,1600,23261,parts
7,21V00D000_notify_all,21V00D000,356309,Hardware Service,8000,12000,5,notify_all,2026-07-25 22:50:14,30,R4,0,1600,23261,parts
7,21V00D000_notify_all,21V00D000,356309,Hardware Service,8000,12000,5,notify_all,2026-07-25 22:50:14,30,R5,0,1600,23261,parts
7,21V00D000_notify_all,21V00D000,356309,Hardware Service,8000,12000,5,notify_all,2026-07-25 22:50:14,31,R1,0,1600,21665,parts
7,21V00D000_notify_all,21V00D000,356309,Hardware Service,8000,12000,5,notify_all,2026-07-25 22:50:14,31,R2,0,1600,21661,parts
7,21V00D000_notify_all,21V00D000,356309,Hardware Service,8000,12000,5,notify_all,2026-07-25 22:50:14,31,R3,0,1600,21661,parts
7,21V00D000_notify_all,21V00D000,356309,Hardware Service,8000,12000,5,notify_all,2026-07-25 22:50:14,31,R4,0,1600,21661,parts
7,21V00D000_notify_all,21V00D000,356309,Hardware Service,8000,12000,5,notify_all,2026-07-25 22:50:14,31,R5,0,1600,21661,parts
7,21V00D000_notify_all,21V00D000,356309,Hardware Service,8000,12000,5,notify_all,2026-07-25 22:50:14,32,R1,0,1600,20065,parts
7,21V00D000_notify_all,21V00D000,356309,Hardware Service,8000,12000,5,notify_all,2026-07-25 22:50:14,32,R2,0,1600,20061,parts
7,21V00D000_notify_all,21V00D000,356309,Hardware Service,8000,12000,5,notify_all,2026-07-25 22:50:14,32,R3,0,1600,20061,parts
7,21V00D000_notify_all,21V00D000,356309,Hardware Service,8000,12000,5,notify_all,2026-07-25 22:50:14,32,R4,0,1600,20061,parts
7,21V00D000_notify_all,21V00D000,356309,Hardware Service,8000,12000,5,notify_all,2026-07-25 22:50:14,32,R5,0,1600,20061,parts
7,21V00D000_notify_all,21V00D000,356309,Hardware Service,8000,12000,5,notify_all,2026-07-25 22:50:14,33,R1,0,1600,18465,parts
7,21V00D000_notify_all,21V00D000,356309,Hardware Service,8000,12000,5,notify_all,2026-07-25 22:50:14,33,R2,0,1600,18461,parts
7,21V00D000_notify_all,21V00D000,356309,Hardware Service,8000,12000,5,notify_all,2026-07-25 22:50:14,33,R3,0,1600,18461,parts
7,21V00D000_notify_all,21V00D000,356309,Hardware Service,8000,12000,5,notify_all,2026-07-25 22:50:14,33,R4,0,1600,18461,parts
7,21V00D000_notify_all,21V00D000,356309,Hardware Service,8000,12000,5,notify_all,2026-07-25 22:50:14,33,R5,0,1600,18461,parts
7,21V00D000_notify_all,21V00D000,356309,Hardware Service,8000,12000,5,notify_all,2026-07-25 22:50:14,34,R1,0,1600,16865,parts
7,21V00D000_notify_all,21V00D000,356309,Hardware Service,8000,12000,5,notify_all,2026-07-25 22:50:14,34,R2,0,1600,16861,parts
7,21V00D000_notify_all,21V00D000,356309,Hardware Service,8000,12000,5,notify_all,2026-07-25 22:50:14,34,R3,0,1600,16861,parts
7,21V00D000_notify_all,21V00D000,356309,Hardware Service,8000,12000,5,notify_all,2026-07-25 22:50:14,34,R4,0,1600,16861,parts
7,21V00D000_notify_all,21V00D000,356309,Hardware Service,8000,12000,5,notify_all,2026-07-25 22:50:14,34,R5,0,1600,16861,parts
7,21V00D000_notify_all,21V00D000,356309,Hardware Service,8000,12000,5,notify_all,2026-07-25 22:50:14,35,R1,0,1600,15265,parts
7,21V00D000_notify_all,21V00D000,356309,Hardware Service,8000,12000,5,notify_all,2026-07-25 22:50:14,35,R2,0,1600,15261,parts
7,21V00D000_notify_all,21V00D000,356309,Hardware Service,8000,12000,5,notify_all,2026-07-25 22:50:14,35,R3,0,1600,15261,parts
7,21V00D000_notify_all,21V00D000,356309,Hardware Service,8000,12000,5,notify_all,2026-07-25 22:50:14,35,R4,0,1600,15261,parts
7,21V00D000_notify_all,21V00D000,356309,Hardware Service,8000,12000,5,notify_all,2026-07-25 22:50:14,35,R5,0,1600,15261,parts
7,21V00D000_notify_all,21V00D000,356309,Hardware Service,8000,12000,5,notify_all,2026-07-25 22:50:14,36,R1,0,1600,13665,parts
7,21V00D000_notify_all,21V00D000,356309,Hardware Service,8000,12000,5,notify_all,2026-07-25 22:50:14,36,R2,0,1600,13661,parts
7,21V00D000_notify_all,21V00D000,356309,Hardware Service,8000,12000,5,notify_all,2026-07-25 22:50:14,36,R3,0,1600,13661,parts
7,21V00D000_notify_all,21V00D000,356309,Hardware Service,8000,12000,5,notify_all,2026-07-25 22:50:14,36,R4,0,1600,13661,parts
7,21V00D000_notify_all,21V00D000,356309,Hardware Service,8000,12000,5,notify_all,2026-07-25 22:50:14,36,R5,0,1600,13661,parts
7,21V00D000_notify_all,21V00D000,356309,Hardware Service,8000,12000,5,notify_all,2026-07-25 22:50:14,37,R1,0,1600,12065,parts
7,21V00D000_notify_all,21V00D000,356309,Hardware Service,8000,12000,5,notify_all,2026-07-25 22:50:14,37,R2,0,1600,12061,parts
7,21V00D000_notify_all,21V00D000,356309,Hardware Service,8000,12000,5,notify_all,2026-07-25 22:50:14,37,R3,0,1600,12061,parts
7,21V00D000_notify_all,21V00D000,356309,Hardware Service,8000,12000,5,notify_all,2026-07-25 22:50:14,37,R4,0,1600,12061,parts
7,21V00D000_notify_all,21V00D000,356309,Hardware Service,8000,12000,5,notify_all,2026-07-25 22:50:14,37,R5,0,1600,12061,parts
7,21V00D000_notify_all,21V00D000,356309,Hardware Service,8000,12000,5,notify_all,2026-07-25 22:50:14,38,R1,0,1600,10465,parts
7,21V00D000_notify_all,21V00D000,356309,Hardware Service,8000,12000,5,notify_all,2026-07-25 22:50:14,38,R2,0,1600,10461,parts
7,21V00D000_notify_all,21V00D000,356309,Hardware Service,8000,12000,5,notify_all,2026-07-25 22:50:14,38,R3,0,1600,10461,parts
7,21V00D000_notify_all,21V00D000,356309,Hardware Service,8000,12000,5,notify_all,2026-07-25 22:50:14,38,R4,0,1600,10461,parts
7,21V00D000_notify_all,21V00D000,356309,Hardware Service,8000,12000,5,notify_all,2026-07-25 22:50:14,38,R5,0,1600,10461,parts
7,21V00D000_notify_all,21V00D000,356309,Hardware Service,8000,12000,5,notify_all,2026-07-25 22:50:14,39,R1,0,1600,8865,parts
7,21V00D000_notify_all,21V00D000,356309,Hardware Service,8000,12000,5,notify_all,2026-07-25 22:50:14,39,R2,0,1600,8861,parts
7,21V00D000_notify_all,21V00D000,356309,Hardware Service,8000,12000,5,notify_all,2026-07-25 22:50:14,39,R3,0,1600,8861,parts
7,21V00D000_notify_all,21V00D000,356309,Hardware Service,8000,12000,5,notify_all,2026-07-25 22:50:14,39,R4,0,1600,8861,parts
7,21V00D000_notify_all,21V00D000,356309,Hardware Service,8000,12000,5,notify_all,2026-07-25 22:50:14,39,R5,0,1600,8861,parts
7,21V00D000_notify_all,21V00D000,356309,Hardware Service,8000,12000,5,notify_all,2026-07-25 22:50:14,40,R1,0,1600,7265,parts
7,21V00D000_notify_all,21V00D000,356309,Hardware Service,8000,12000,5,notify_all,2026-07-25 22:50:14,40,R2,0,1600,7261,parts
7,21V00D000_notify_all,21V00D000,356309,Hardware Service,8000,12000,5,notify_all,2026-07-25 22:50:14,40,R3,0,1600,7261,parts
7,21V00D000_notify_all,21V00D000,356309,Hardware Service,8000,12000,5,notify_all,2026-07-25 22:50:14,40,R4,0,1600,7261,parts
7,21V00D000_notify_all,21V00D000,356309,Hardware Service,8000,12000,5,notify_all,2026-07-25 22:50:14,40,R5,0,1600,7261,parts
7,21V00D000_notify_all,21V00D000,356309,Hardware Service,8000,12000,5,notify_all,2026-07-25 22:50:14,41,R1,0,1600,5665,parts
7,21V00D000_notify_all,21V00D000,356309,Hardware Service,8000,12000,5,notify_all,2026-07-25 22:50:14,41,R2,0,1600,5661,parts
7,21V00D000_notify_all,21V00D000,356309,Hardware Service,8000,12000,5,notify_all,2026-07-25 22:50:14,41,R3,0,1600,5661,parts
7,21V00D000_notify_all,21V00D000,356309,Hardware Service,8000,12000,5,notify_all,2026-07-25 22:50:14,41,R4,0,1600,5661,parts
7,21V00D000_notify_all,21V00D000,356309,Hardware Service,8000,12000,5,notify_all,2026-07-25 22:50:14,41,R5,0,1600,5661,parts
7,21V00D000_notify_all,21V00D000,356309,Hardware Service,8000,12000,5,notify_all,2026-07-25 22:50:14,42,R1,0,1600,4065,parts
7,21V00D000_notify_all,21V00D000,356309,Hardware Service,8000,12000,5,notify_all,2026-07-25 22:50:14,42,R2,0,1600,4061,parts
7,21V00D000_notify_all,21V00D000,356309,Hardware Service,8000,12000,5,notify_all,2026-07-25 22:50:14,42,R3,0,1600,4061,parts
7,21V00D000_notify_all,21V00D000,356309,Hardware Service,8000,12000,5,notify_all,2026-07-25 22:50:14,42,R4,0,1600,4061,parts
7,21V00D000_notify_all,21V00D000,356309,Hardware Service,8000,12000,5,notify_all,2026-07-25 22:50:14,42,R5,0,1600,4061,parts
7,21V00D000_notify_all,21V00D000,356309,Hardware Service,8000,12000,5,notify_all,2026-07-25 22:50:14,43,R1,0,1600,2465,parts
7,21V00D000_notify_all,21V00D000,356309,Hardware Service,8000,12000,5,notify_all,2026-07-25 22:50:14,43,R2,0,1600,2461,parts
7,21V00D000_notify_all,21V00D000,356309,Hardware Service,8000,12000,5,notify_all,2026-07-25 22:50:14,43,R3,0,1600,2461,parts
7,21V00D000_notify_all,21V00D000,356309,Hardware Service,8000,12000,5,notify_all,2026-07-25 22:50:14,43,R4,0,1600,2461,parts
7,21V00D000_notify_all,21V00D000,356309,Hardware Service,8000,12000,5,notify_all,2026-07-25 22:50:14,43,R5,0,1600,2461,parts
7,21V00D000_notify_all,21V00D000,356309,Hardware Service,8000,12000,5,notify_all,2026-07-25 22:50:14,44,R1,0,1600,865,parts
7,21V00D000_notify_all,21V00D000,356309,Hardware Service,8000,12000,5,notify_all,2026-07-25 22:50:14,44,R2,0,1600,861,parts
7,21V00D000_notify_all,21V00D000,356309,Hardware Service,8000,12000,5,notify_all,2026-07-25 22:50:14,44,R3,0,1600,861,parts
7,21V00D000_notify_all,21V00D000,356309,Hardware Service,8000,12000,5,notify_all,2026-07-25 22:50:14,44,R4,0,1600,861,parts
7,21V00D000_notify_all,21V00D000,356309,Hardware Service,8000,12000,5,notify_all,2026-07-25 22:50:14,44,R5,0,1600,861,parts
7,21V00D000_notify_all,21V00D000,356309,Hardware Service,8000,12000,5,notify_all,2026-07-25 22:50:14,45,R1,0,865,0,parts
7,21V00D000_notify_all,21V00D000,356309,Hardware Service,8000,12000,5,notify_all,2026-07-25 22:50:14,45,R2,0,861,0,parts
7,21V00D000_notify_all,21V00D000,356309,Hardware Service,8000,12000,5,notify_all,2026-07-25 22:50:14,45,R3,0,861,0,parts
7,21V00D000_notify_all,21V00D000,356309,Hardware Service,8000,12000,5,notify_all,2026-07-25 22:50:14,45,R4,0,861,0,parts
7,21V00D000_notify_all,21V00D000,356309,Hardware Service,8000,12000,5,notify_all,2026-07-25 22:50:14,45,R5,0,861,0,parts
8,21V00D000_capacity_matched,21V00D000,356309,Hardware Service,8000,12000,5,capacity_matched,2026-07-25 22:50:14,1,R1,1600,1600,0,parts
8,21V00D000_capacity_matched,21V00D000,356309,Hardware Service,8000,12000,5,capacity_matched,2026-07-25 22:50:14,1,R2,1600,1600,0,parts
8,21V00D000_capacity_matched,21V00D000,356309,Hardware Service,8000,12000,5,capacity_matched,2026-07-25 22:50:14,1,R3,1600,1600,0,parts
8,21V00D000_capacity_matched,21V00D000,356309,Hardware Service,8000,12000,5,capacity_matched,2026-07-25 22:50:14,1,R4,1600,1600,0,parts
8,21V00D000_capacity_matched,21V00D000,356309,Hardware Service,8000,12000,5,capacity_matched,2026-07-25 22:50:14,1,R5,1600,1600,0,parts
8,21V00D000_capacity_matched,21V00D000,356309,Hardware Service,8000,12000,5,capacity_matched,2026-07-25 22:50:14,2,R1,1600,1600,0,parts
8,21V00D000_capacity_matched,21V00D000,356309,Hardware Service,8000,12000,5,capacity_matched,2026-07-25 22:50:14,2,R2,1600,1600,0,parts
8,21V00D000_capacity_matched,21V00D000,356309,Hardware Service,8000,12000,5,capacity_matched,2026-07-25 22:50:14,2,R3,1600,1600,0,parts
8,21V00D000_capacity_matched,21V00D000,356309,Hardware Service,8000,12000,5,capacity_matched,2026-07-25 22:50:14,2,R4,1600,1600,0,parts
8,21V00D000_capacity_matched,21V00D000,356309,Hardware Service,8000,12000,5,capacity_matched,2026-07-25 22:50:14,2,R5,1600,1600,0,parts
8,21V00D000_capacity_matched,21V00D000,356309,Hardware Service,8000,12000,5,capacity_matched,2026-07-25 22:50:14,3,R1,1600,1600,0,parts
8,21V00D000_capacity_matched,21V00D000,356309,Hardware Service,8000,12000,5,capacity_matched,2026-07-25 22:50:14,3,R2,1600,1600,0,parts
8,21V00D000_capacity_matched,21V00D000,356309,Hardware Service,8000,12000,5,capacity_matched,2026-07-25 22:50:14,3,R3,1600,1600,0,parts
8,21V00D000_capacity_matched,21V00D000,356309,Hardware Service,8000,12000,5,capacity_matched,2026-07-25 22:50:14,3,R4,1600,1600,0,parts
8,21V00D000_capacity_matched,21V00D000,356309,Hardware Service,8000,12000,5,capacity_matched,2026-07-25 22:50:14,3,R5,1600,1600,0,parts
8,21V00D000_capacity_matched,21V00D000,356309,Hardware Service,8000,12000,5,capacity_matched,2026-07-25 22:50:14,4,R1,1600,1600,0,parts
8,21V00D000_capacity_matched,21V00D000,356309,Hardware Service,8000,12000,5,capacity_matched,2026-07-25 22:50:14,4,R2,1600,1600,0,parts
8,21V00D000_capacity_matched,21V00D000,356309,Hardware Service,8000,12000,5,capacity_matched,2026-07-25 22:50:14,4,R3,1600,1600,0,parts
8,21V00D000_capacity_matched,21V00D000,356309,Hardware Service,8000,12000,5,capacity_matched,2026-07-25 22:50:14,4,R4,1600,1600,0,parts
8,21V00D000_capacity_matched,21V00D000,356309,Hardware Service,8000,12000,5,capacity_matched,2026-07-25 22:50:14,4,R5,1600,1600,0,parts
8,21V00D000_capacity_matched,21V00D000,356309,Hardware Service,8000,12000,5,capacity_matched,2026-07-25 22:50:14,5,R1,1600,1600,0,parts
8,21V00D000_capacity_matched,21V00D000,356309,Hardware Service,8000,12000,5,capacity_matched,2026-07-25 22:50:14,5,R2,1600,1600,0,parts
8,21V00D000_capacity_matched,21V00D000,356309,Hardware Service,8000,12000,5,capacity_matched,2026-07-25 22:50:14,5,R3,1600,1600,0,parts
8,21V00D000_capacity_matched,21V00D000,356309,Hardware Service,8000,12000,5,capacity_matched,2026-07-25 22:50:14,5,R4,1600,1600,0,parts
8,21V00D000_capacity_matched,21V00D000,356309,Hardware Service,8000,12000,5,capacity_matched,2026-07-25 22:50:14,5,R5,1600,1600,0,parts
8,21V00D000_capacity_matched,21V00D000,356309,Hardware Service,8000,12000,5,capacity_matched,2026-07-25 22:50:14,6,R1,1600,1600,0,parts
8,21V00D000_capacity_matched,21V00D000,356309,Hardware Service,8000,12000,5,capacity_matched,2026-07-25 22:50:14,6,R2,1600,1600,0,parts
8,21V00D000_capacity_matched,21V00D000,356309,Hardware Service,8000,12000,5,capacity_matched,2026-07-25 22:50:14,6,R3,1600,1600,0,parts
8,21V00D000_capacity_matched,21V00D000,356309,Hardware Service,8000,12000,5,capacity_matched,2026-07-25 22:50:14,6,R4,1600,1600,0,parts
8,21V00D000_capacity_matched,21V00D000,356309,Hardware Service,8000,12000,5,capacity_matched,2026-07-25 22:50:14,6,R5,1600,1600,0,parts
8,21V00D000_capacity_matched,21V00D000,356309,Hardware Service,8000,12000,5,capacity_matched,2026-07-25 22:50:14,7,R1,1600,1600,0,parts
8,21V00D000_capacity_matched,21V00D000,356309,Hardware Service,8000,12000,5,capacity_matched,2026-07-25 22:50:14,7,R2,1600,1600,0,parts
8,21V00D000_capacity_matched,21V00D000,356309,Hardware Service,8000,12000,5,capacity_matched,2026-07-25 22:50:14,7,R3,1600,1600,0,parts
8,21V00D000_capacity_matched,21V00D000,356309,Hardware Service,8000,12000,5,capacity_matched,2026-07-25 22:50:14,7,R4,1600,1600,0,parts
8,21V00D000_capacity_matched,21V00D000,356309,Hardware Service,8000,12000,5,capacity_matched,2026-07-25 22:50:14,7,R5,1600,1600,0,parts
8,21V00D000_capacity_matched,21V00D000,356309,Hardware Service,8000,12000,5,capacity_matched,2026-07-25 22:50:14,8,R1,1600,1600,0,parts
8,21V00D000_capacity_matched,21V00D000,356309,Hardware Service,8000,12000,5,capacity_matched,2026-07-25 22:50:14,8,R2,1600,1600,0,parts
8,21V00D000_capacity_matched,21V00D000,356309,Hardware Service,8000,12000,5,capacity_matched,2026-07-25 22:50:14,8,R3,1600,1600,0,parts
8,21V00D000_capacity_matched,21V00D000,356309,Hardware Service,8000,12000,5,capacity_matched,2026-07-25 22:50:14,8,R4,1600,1600,0,parts
8,21V00D000_capacity_matched,21V00D000,356309,Hardware Service,8000,12000,5,capacity_matched,2026-07-25 22:50:14,8,R5,1600,1600,0,parts
8,21V00D000_capacity_matched,21V00D000,356309,Hardware Service,8000,12000,5,capacity_matched,2026-07-25 22:50:14,9,R1,1600,1600,0,parts
8,21V00D000_capacity_matched,21V00D000,356309,Hardware Service,8000,12000,5,capacity_matched,2026-07-25 22:50:14,9,R2,1600,1600,0,parts
8,21V00D000_capacity_matched,21V00D000,356309,Hardware Service,8000,12000,5,capacity_matched,2026-07-25 22:50:14,9,R3,1600,1600,0,parts
8,21V00D000_capacity_matched,21V00D000,356309,Hardware Service,8000,12000,5,capacity_matched,2026-07-25 22:50:14,9,R4,1600,1600,0,parts
8,21V00D000_capacity_matched,21V00D000,356309,Hardware Service,8000,12000,5,capacity_matched,2026-07-25 22:50:14,9,R5,1600,1600,0,parts
8,21V00D000_capacity_matched,21V00D000,356309,Hardware Service,8000,12000,5,capacity_matched,2026-07-25 22:50:14,10,R1,1600,1600,0,parts
8,21V00D000_capacity_matched,21V00D000,356309,Hardware Service,8000,12000,5,capacity_matched,2026-07-25 22:50:14,10,R2,1600,1600,0,parts
8,21V00D000_capacity_matched,21V00D000,356309,Hardware Service,8000,12000,5,capacity_matched,2026-07-25 22:50:14,10,R3,1600,1600,0,parts
8,21V00D000_capacity_matched,21V00D000,356309,Hardware Service,8000,12000,5,capacity_matched,2026-07-25 22:50:14,10,R4,1600,1600,0,parts
8,21V00D000_capacity_matched,21V00D000,356309,Hardware Service,8000,12000,5,capacity_matched,2026-07-25 22:50:14,10,R5,1600,1600,0,parts
8,21V00D000_capacity_matched,21V00D000,356309,Hardware Service,8000,12000,5,capacity_matched,2026-07-25 22:50:14,11,R1,1600,1600,0,parts
8,21V00D000_capacity_matched,21V00D000,356309,Hardware Service,8000,12000,5,capacity_matched,2026-07-25 22:50:14,11,R2,1600,1600,0,parts
8,21V00D000_capacity_matched,21V00D000,356309,Hardware Service,8000,12000,5,capacity_matched,2026-07-25 22:50:14,11,R3,1600,1600,0,parts
8,21V00D000_capacity_matched,21V00D000,356309,Hardware Service,8000,12000,5,capacity_matched,2026-07-25 22:50:14,11,R4,1600,1600,0,parts
8,21V00D000_capacity_matched,21V00D000,356309,Hardware Service,8000,12000,5,capacity_matched,2026-07-25 22:50:14,11,R5,1600,1600,0,parts
8,21V00D000_capacity_matched,21V00D000,356309,Hardware Service,8000,12000,5,capacity_matched,2026-07-25 22:50:14,12,R1,1600,1600,0,parts
8,21V00D000_capacity_matched,21V00D000,356309,Hardware Service,8000,12000,5,capacity_matched,2026-07-25 22:50:14,12,R2,1600,1600,0,parts
8,21V00D000_capacity_matched,21V00D000,356309,Hardware Service,8000,12000,5,capacity_matched,2026-07-25 22:50:14,12,R3,1600,1600,0,parts
8,21V00D000_capacity_matched,21V00D000,356309,Hardware Service,8000,12000,5,capacity_matched,2026-07-25 22:50:14,12,R4,1600,1600,0,parts
8,21V00D000_capacity_matched,21V00D000,356309,Hardware Service,8000,12000,5,capacity_matched,2026-07-25 22:50:14,12,R5,1600,1600,0,parts
8,21V00D000_capacity_matched,21V00D000,356309,Hardware Service,8000,12000,5,capacity_matched,2026-07-25 22:50:14,13,R1,1600,1600,0,parts
8,21V00D000_capacity_matched,21V00D000,356309,Hardware Service,8000,12000,5,capacity_matched,2026-07-25 22:50:14,13,R2,1600,1600,0,parts
8,21V00D000_capacity_matched,21V00D000,356309,Hardware Service,8000,12000,5,capacity_matched,2026-07-25 22:50:14,13,R3,1600,1600,0,parts
8,21V00D000_capacity_matched,21V00D000,356309,Hardware Service,8000,12000,5,capacity_matched,2026-07-25 22:50:14,13,R4,1600,1600,0,parts
8,21V00D000_capacity_matched,21V00D000,356309,Hardware Service,8000,12000,5,capacity_matched,2026-07-25 22:50:14,13,R5,1600,1600,0,parts
8,21V00D000_capacity_matched,21V00D000,356309,Hardware Service,8000,12000,5,capacity_matched,2026-07-25 22:50:14,14,R1,1600,1600,0,parts
8,21V00D000_capacity_matched,21V00D000,356309,Hardware Service,8000,12000,5,capacity_matched,2026-07-25 22:50:14,14,R2,1600,1600,0,parts
8,21V00D000_capacity_matched,21V00D000,356309,Hardware Service,8000,12000,5,capacity_matched,2026-07-25 22:50:14,14,R3,1600,1600,0,parts
8,21V00D000_capacity_matched,21V00D000,356309,Hardware Service,8000,12000,5,capacity_matched,2026-07-25 22:50:14,14,R4,1600,1600,0,parts
8,21V00D000_capacity_matched,21V00D000,356309,Hardware Service,8000,12000,5,capacity_matched,2026-07-25 22:50:14,14,R5,1600,1600,0,parts
8,21V00D000_capacity_matched,21V00D000,356309,Hardware Service,8000,12000,5,capacity_matched,2026-07-25 22:50:14,15,R1,1600,1600,0,parts
8,21V00D000_capacity_matched,21V00D000,356309,Hardware Service,8000,12000,5,capacity_matched,2026-07-25 22:50:14,15,R2,1600,1600,0,parts
8,21V00D000_capacity_matched,21V00D000,356309,Hardware Service,8000,12000,5,capacity_matched,2026-07-25 22:50:14,15,R3,1600,1600,0,parts
8,21V00D000_capacity_matched,21V00D000,356309,Hardware Service,8000,12000,5,capacity_matched,2026-07-25 22:50:14,15,R4,1600,1600,0,parts
8,21V00D000_capacity_matched,21V00D000,356309,Hardware Service,8000,12000,5,capacity_matched,2026-07-25 22:50:14,15,R5,1600,1600,0,parts
8,21V00D000_capacity_matched,21V00D000,356309,Hardware Service,8000,12000,5,capacity_matched,2026-07-25 22:50:14,16,R1,1600,1600,0,parts
8,21V00D000_capacity_matched,21V00D000,356309,Hardware Service,8000,12000,5,capacity_matched,2026-07-25 22:50:14,16,R2,1600,1600,0,parts
8,21V00D000_capacity_matched,21V00D000,356309,Hardware Service,8000,12000,5,capacity_matched,2026-07-25 22:50:14,16,R3,1600,1600,0,parts
8,21V00D000_capacity_matched,21V00D000,356309,Hardware Service,8000,12000,5,capacity_matched,2026-07-25 22:50:14,16,R4,1600,1600,0,parts
8,21V00D000_capacity_matched,21V00D000,356309,Hardware Service,8000,12000,5,capacity_matched,2026-07-25 22:50:14,16,R5,1600,1600,0,parts
8,21V00D000_capacity_matched,21V00D000,356309,Hardware Service,8000,12000,5,capacity_matched,2026-07-25 22:50:14,17,R1,1600,1600,0,parts
8,21V00D000_capacity_matched,21V00D000,356309,Hardware Service,8000,12000,5,capacity_matched,2026-07-25 22:50:14,17,R2,1600,1600,0,parts
8,21V00D000_capacity_matched,21V00D000,356309,Hardware Service,8000,12000,5,capacity_matched,2026-07-25 22:50:14,17,R3,1600,1600,0,parts
8,21V00D000_capacity_matched,21V00D000,356309,Hardware Service,8000,12000,5,capacity_matched,2026-07-25 22:50:14,17,R4,1600,1600,0,parts
8,21V00D000_capacity_matched,21V00D000,356309,Hardware Service,8000,12000,5,capacity_matched,2026-07-25 22:50:14,17,R5,1600,1600,0,parts
8,21V00D000_capacity_matched,21V00D000,356309,Hardware Service,8000,12000,5,capacity_matched,2026-07-25 22:50:14,18,R1,1600,1600,0,parts
8,21V00D000_capacity_matched,21V00D000,356309,Hardware Service,8000,12000,5,capacity_matched,2026-07-25 22:50:14,18,R2,1600,1600,0,parts
8,21V00D000_capacity_matched,21V00D000,356309,Hardware Service,8000,12000,5,capacity_matched,2026-07-25 22:50:14,18,R3,1600,1600,0,parts
8,21V00D000_capacity_matched,21V00D000,356309,Hardware Service,8000,12000,5,capacity_matched,2026-07-25 22:50:14,18,R4,1600,1600,0,parts
8,21V00D000_capacity_matched,21V00D000,356309,Hardware Service,8000,12000,5,capacity_matched,2026-07-25 22:50:14,18,R5,1600,1600,0,parts
8,21V00D000_capacity_matched,21V00D000,356309,Hardware Service,8000,12000,5,capacity_matched,2026-07-25 22:50:14,19,R1,1600,1600,0,parts
8,21V00D000_capacity_matched,21V00D000,356309,Hardware Service,8000,12000,5,capacity_matched,2026-07-25 22:50:14,19,R2,1600,1600,0,parts
8,21V00D000_capacity_matched,21V00D000,356309,Hardware Service,8000,12000,5,capacity_matched,2026-07-25 22:50:14,19,R3,1600,1600,0,parts
8,21V00D000_capacity_matched,21V00D000,356309,Hardware Service,8000,12000,5,capacity_matched,2026-07-25 22:50:14,19,R4,1600,1600,0,parts
8,21V00D000_capacity_matched,21V00D000,356309,Hardware Service,8000,12000,5,capacity_matched,2026-07-25 22:50:14,19,R5,1600,1600,0,parts
8,21V00D000_capacity_matched,21V00D000,356309,Hardware Service,8000,12000,5,capacity_matched,2026-07-25 22:50:14,20,R1,1600,1600,0,parts
8,21V00D000_capacity_matched,21V00D000,356309,Hardware Service,8000,12000,5,capacity_matched,2026-07-25 22:50:14,20,R2,1600,1600,0,parts
8,21V00D000_capacity_matched,21V00D000,356309,Hardware Service,8000,12000,5,capacity_matched,2026-07-25 22:50:14,20,R3,1600,1600,0,parts
8,21V00D000_capacity_matched,21V00D000,356309,Hardware Service,8000,12000,5,capacity_matched,2026-07-25 22:50:14,20,R4,1600,1600,0,parts
8,21V00D000_capacity_matched,21V00D000,356309,Hardware Service,8000,12000,5,capacity_matched,2026-07-25 22:50:14,20,R5,1600,1600,0,parts
8,21V00D000_capacity_matched,21V00D000,356309,Hardware Service,8000,12000,5,capacity_matched,2026-07-25 22:50:14,21,R1,1600,1600,0,parts
8,21V00D000_capacity_matched,21V00D000,356309,Hardware Service,8000,12000,5,capacity_matched,2026-07-25 22:50:14,21,R2,1600,1600,0,parts
8,21V00D000_capacity_matched,21V00D000,356309,Hardware Service,8000,12000,5,capacity_matched,2026-07-25 22:50:14,21,R3,1600,1600,0,parts
8,21V00D000_capacity_matched,21V00D000,356309,Hardware Service,8000,12000,5,capacity_matched,2026-07-25 22:50:14,21,R4,1600,1600,0,parts
8,21V00D000_capacity_matched,21V00D000,356309,Hardware Service,8000,12000,5,capacity_matched,2026-07-25 22:50:14,21,R5,1600,1600,0,parts
8,21V00D000_capacity_matched,21V00D000,356309,Hardware Service,8000,12000,5,capacity_matched,2026-07-25 22:50:14,22,R1,1600,1600,0,parts
8,21V00D000_capacity_matched,21V00D000,356309,Hardware Service,8000,12000,5,capacity_matched,2026-07-25 22:50:14,22,R2,1600,1600,0,parts
8,21V00D000_capacity_matched,21V00D000,356309,Hardware Service,8000,12000,5,capacity_matched,2026-07-25 22:50:14,22,R3,1600,1600,0,parts
8,21V00D000_capacity_matched,21V00D000,356309,Hardware Service,8000,12000,5,capacity_matched,2026-07-25 22:50:14,22,R4,1600,1600,0,parts
8,21V00D000_capacity_matched,21V00D000,356309,Hardware Service,8000,12000,5,capacity_matched,2026-07-25 22:50:14,22,R5,1600,1600,0,parts
8,21V00D000_capacity_matched,21V00D000,356309,Hardware Service,8000,12000,5,capacity_matched,2026-07-25 22:50:14,23,R1,1600,1600,0,parts
8,21V00D000_capacity_matched,21V00D000,356309,Hardware Service,8000,12000,5,capacity_matched,2026-07-25 22:50:14,23,R2,1600,1600,0,parts
8,21V00D000_capacity_matched,21V00D000,356309,Hardware Service,8000,12000,5,capacity_matched,2026-07-25 22:50:14,23,R3,1600,1600,0,parts
8,21V00D000_capacity_matched,21V00D000,356309,Hardware Service,8000,12000,5,capacity_matched,2026-07-25 22:50:14,23,R4,1600,1600,0,parts
8,21V00D000_capacity_matched,21V00D000,356309,Hardware Service,8000,12000,5,capacity_matched,2026-07-25 22:50:14,23,R5,1600,1600,0,parts
8,21V00D000_capacity_matched,21V00D000,356309,Hardware Service,8000,12000,5,capacity_matched,2026-07-25 22:50:14,24,R1,1600,1600,0,parts
8,21V00D000_capacity_matched,21V00D000,356309,Hardware Service,8000,12000,5,capacity_matched,2026-07-25 22:50:14,24,R2,1600,1600,0,parts
8,21V00D000_capacity_matched,21V00D000,356309,Hardware Service,8000,12000,5,capacity_matched,2026-07-25 22:50:14,24,R3,1600,1600,0,parts
8,21V00D000_capacity_matched,21V00D000,356309,Hardware Service,8000,12000,5,capacity_matched,2026-07-25 22:50:14,24,R4,1600,1600,0,parts
8,21V00D000_capacity_matched,21V00D000,356309,Hardware Service,8000,12000,5,capacity_matched,2026-07-25 22:50:14,24,R5,1600,1600,0,parts
8,21V00D000_capacity_matched,21V00D000,356309,Hardware Service,8000,12000,5,capacity_matched,2026-07-25 22:50:14,25,R1,1600,1600,0,parts
8,21V00D000_capacity_matched,21V00D000,356309,Hardware Service,8000,12000,5,capacity_matched,2026-07-25 22:50:14,25,R2,1600,1600,0,parts
8,21V00D000_capacity_matched,21V00D000,356309,Hardware Service,8000,12000,5,capacity_matched,2026-07-25 22:50:14,25,R3,1600,1600,0,parts
8,21V00D000_capacity_matched,21V00D000,356309,Hardware Service,8000,12000,5,capacity_matched,2026-07-25 22:50:14,25,R4,1600,1600,0,parts
8,21V00D000_capacity_matched,21V00D000,356309,Hardware Service,8000,12000,5,capacity_matched,2026-07-25 22:50:14,25,R5,1600,1600,0,parts
8,21V00D000_capacity_matched,21V00D000,356309,Hardware Service,8000,12000,5,capacity_matched,2026-07-25 22:50:14,26,R1,1600,1600,0,parts
8,21V00D000_capacity_matched,21V00D000,356309,Hardware Service,8000,12000,5,capacity_matched,2026-07-25 22:50:14,26,R2,1600,1600,0,parts
8,21V00D000_capacity_matched,21V00D000,356309,Hardware Service,8000,12000,5,capacity_matched,2026-07-25 22:50:14,26,R3,1600,1600,0,parts
8,21V00D000_capacity_matched,21V00D000,356309,Hardware Service,8000,12000,5,capacity_matched,2026-07-25 22:50:14,26,R4,1600,1600,0,parts
8,21V00D000_capacity_matched,21V00D000,356309,Hardware Service,8000,12000,5,capacity_matched,2026-07-25 22:50:14,26,R5,1600,1600,0,parts
8,21V00D000_capacity_matched,21V00D000,356309,Hardware Service,8000,12000,5,capacity_matched,2026-07-25 22:50:14,27,R1,1600,1600,0,parts
8,21V00D000_capacity_matched,21V00D000,356309,Hardware Service,8000,12000,5,capacity_matched,2026-07-25 22:50:14,27,R2,1600,1600,0,parts
8,21V00D000_capacity_matched,21V00D000,356309,Hardware Service,8000,12000,5,capacity_matched,2026-07-25 22:50:14,27,R3,1600,1600,0,parts
8,21V00D000_capacity_matched,21V00D000,356309,Hardware Service,8000,12000,5,capacity_matched,2026-07-25 22:50:14,27,R4,1600,1600,0,parts
8,21V00D000_capacity_matched,21V00D000,356309,Hardware Service,8000,12000,5,capacity_matched,2026-07-25 22:50:14,27,R5,1600,1600,0,parts
8,21V00D000_capacity_matched,21V00D000,356309,Hardware Service,8000,12000,5,capacity_matched,2026-07-25 22:50:14,28,R1,1600,1600,0,parts
8,21V00D000_capacity_matched,21V00D000,356309,Hardware Service,8000,12000,5,capacity_matched,2026-07-25 22:50:14,28,R2,1600,1600,0,parts
8,21V00D000_capacity_matched,21V00D000,356309,Hardware Service,8000,12000,5,capacity_matched,2026-07-25 22:50:14,28,R3,1600,1600,0,parts
8,21V00D000_capacity_matched,21V00D000,356309,Hardware Service,8000,12000,5,capacity_matched,2026-07-25 22:50:14,28,R4,1600,1600,0,parts
8,21V00D000_capacity_matched,21V00D000,356309,Hardware Service,8000,12000,5,capacity_matched,2026-07-25 22:50:14,28,R5,1600,1600,0,parts
8,21V00D000_capacity_matched,21V00D000,356309,Hardware Service,8000,12000,5,capacity_matched,2026-07-25 22:50:14,29,R1,1600,1600,0,parts
8,21V00D000_capacity_matched,21V00D000,356309,Hardware Service,8000,12000,5,capacity_matched,2026-07-25 22:50:14,29,R2,1600,1600,0,parts
8,21V00D000_capacity_matched,21V00D000,356309,Hardware Service,8000,12000,5,capacity_matched,2026-07-25 22:50:14,29,R3,1600,1600,0,parts
8,21V00D000_capacity_matched,21V00D000,356309,Hardware Service,8000,12000,5,capacity_matched,2026-07-25 22:50:14,29,R4,1600,1600,0,parts
8,21V00D000_capacity_matched,21V00D000,356309,Hardware Service,8000,12000,5,capacity_matched,2026-07-25 22:50:14,29,R5,1600,1600,0,parts
8,21V00D000_capacity_matched,21V00D000,356309,Hardware Service,8000,12000,5,capacity_matched,2026-07-25 22:50:14,30,R1,1600,1600,0,parts
8,21V00D000_capacity_matched,21V00D000,356309,Hardware Service,8000,12000,5,capacity_matched,2026-07-25 22:50:14,30,R2,1600,1600,0,parts
8,21V00D000_capacity_matched,21V00D000,356309,Hardware Service,8000,12000,5,capacity_matched,2026-07-25 22:50:14,30,R3,1600,1600,0,parts
8,21V00D000_capacity_matched,21V00D000,356309,Hardware Service,8000,12000,5,capacity_matched,2026-07-25 22:50:14,30,R4,1600,1600,0,parts
8,21V00D000_capacity_matched,21V00D000,356309,Hardware Service,8000,12000,5,capacity_matched,2026-07-25 22:50:14,30,R5,1600,1600,0,parts
8,21V00D000_capacity_matched,21V00D000,356309,Hardware Service,8000,12000,5,capacity_matched,2026-07-25 22:50:14,31,R1,1600,1600,0,parts
8,21V00D000_capacity_matched,21V00D000,356309,Hardware Service,8000,12000,5,capacity_matched,2026-07-25 22:50:14,31,R2,1600,1600,0,parts
8,21V00D000_capacity_matched,21V00D000,356309,Hardware Service,8000,12000,5,capacity_matched,2026-07-25 22:50:14,31,R3,1600,1600,0,parts
8,21V00D000_capacity_matched,21V00D000,356309,Hardware Service,8000,12000,5,capacity_matched,2026-07-25 22:50:14,31,R4,1600,1600,0,parts
8,21V00D000_capacity_matched,21V00D000,356309,Hardware Service,8000,12000,5,capacity_matched,2026-07-25 22:50:14,31,R5,1600,1600,0,parts
8,21V00D000_capacity_matched,21V00D000,356309,Hardware Service,8000,12000,5,capacity_matched,2026-07-25 22:50:14,32,R1,1600,1600,0,parts
8,21V00D000_capacity_matched,21V00D000,356309,Hardware Service,8000,12000,5,capacity_matched,2026-07-25 22:50:14,32,R2,1600,1600,0,parts
8,21V00D000_capacity_matched,21V00D000,356309,Hardware Service,8000,12000,5,capacity_matched,2026-07-25 22:50:14,32,R3,1600,1600,0,parts
8,21V00D000_capacity_matched,21V00D000,356309,Hardware Service,8000,12000,5,capacity_matched,2026-07-25 22:50:14,32,R4,1600,1600,0,parts
8,21V00D000_capacity_matched,21V00D000,356309,Hardware Service,8000,12000,5,capacity_matched,2026-07-25 22:50:14,32,R5,1600,1600,0,parts
8,21V00D000_capacity_matched,21V00D000,356309,Hardware Service,8000,12000,5,capacity_matched,2026-07-25 22:50:14,33,R1,1600,1600,0,parts
8,21V00D000_capacity_matched,21V00D000,356309,Hardware Service,8000,12000,5,capacity_matched,2026-07-25 22:50:14,33,R2,1600,1600,0,parts
8,21V00D000_capacity_matched,21V00D000,356309,Hardware Service,8000,12000,5,capacity_matched,2026-07-25 22:50:14,33,R3,1600,1600,0,parts
8,21V00D000_capacity_matched,21V00D000,356309,Hardware Service,8000,12000,5,capacity_matched,2026-07-25 22:50:14,33,R4,1600,1600,0,parts
8,21V00D000_capacity_matched,21V00D000,356309,Hardware Service,8000,12000,5,capacity_matched,2026-07-25 22:50:14,33,R5,1600,1600,0,parts
8,21V00D000_capacity_matched,21V00D000,356309,Hardware Service,8000,12000,5,capacity_matched,2026-07-25 22:50:14,34,R1,1600,1600,0,parts
8,21V00D000_capacity_matched,21V00D000,356309,Hardware Service,8000,12000,5,capacity_matched,2026-07-25 22:50:14,34,R2,1600,1600,0,parts
8,21V00D000_capacity_matched,21V00D000,356309,Hardware Service,8000,12000,5,capacity_matched,2026-07-25 22:50:14,34,R3,1600,1600,0,parts
8,21V00D000_capacity_matched,21V00D000,356309,Hardware Service,8000,12000,5,capacity_matched,2026-07-25 22:50:14,34,R4,1600,1600,0,parts
8,21V00D000_capacity_matched,21V00D000,356309,Hardware Service,8000,12000,5,capacity_matched,2026-07-25 22:50:14,34,R5,1600,1600,0,parts
8,21V00D000_capacity_matched,21V00D000,356309,Hardware Service,8000,12000,5,capacity_matched,2026-07-25 22:50:14,35,R1,1600,1600,0,parts
8,21V00D000_capacity_matched,21V00D000,356309,Hardware Service,8000,12000,5,capacity_matched,2026-07-25 22:50:14,35,R2,1600,1600,0,parts
8,21V00D000_capacity_matched,21V00D000,356309,Hardware Service,8000,12000,5,capacity_matched,2026-07-25 22:50:14,35,R3,1600,1600,0,parts
8,21V00D000_capacity_matched,21V00D000,356309,Hardware Service,8000,12000,5,capacity_matched,2026-07-25 22:50:14,35,R4,1600,1600,0,parts
8,21V00D000_capacity_matched,21V00D000,356309,Hardware Service,8000,12000,5,capacity_matched,2026-07-25 22:50:14,35,R5,1600,1600,0,parts
8,21V00D000_capacity_matched,21V00D000,356309,Hardware Service,8000,12000,5,capacity_matched,2026-07-25 22:50:14,36,R1,1600,1600,0,parts
8,21V00D000_capacity_matched,21V00D000,356309,Hardware Service,8000,12000,5,capacity_matched,2026-07-25 22:50:14,36,R2,1600,1600,0,parts
8,21V00D000_capacity_matched,21V00D000,356309,Hardware Service,8000,12000,5,capacity_matched,2026-07-25 22:50:14,36,R3,1600,1600,0,parts
8,21V00D000_capacity_matched,21V00D000,356309,Hardware Service,8000,12000,5,capacity_matched,2026-07-25 22:50:14,36,R4,1600,1600,0,parts
8,21V00D000_capacity_matched,21V00D000,356309,Hardware Service,8000,12000,5,capacity_matched,2026-07-25 22:50:14,36,R5,1600,1600,0,parts
8,21V00D000_capacity_matched,21V00D000,356309,Hardware Service,8000,12000,5,capacity_matched,2026-07-25 22:50:14,37,R1,1600,1600,0,parts
8,21V00D000_capacity_matched,21V00D000,356309,Hardware Service,8000,12000,5,capacity_matched,2026-07-25 22:50:14,37,R2,1600,1600,0,parts
8,21V00D000_capacity_matched,21V00D000,356309,Hardware Service,8000,12000,5,capacity_matched,2026-07-25 22:50:14,37,R3,1600,1600,0,parts
8,21V00D000_capacity_matched,21V00D000,356309,Hardware Service,8000,12000,5,capacity_matched,2026-07-25 22:50:14,37,R4,1600,1600,0,parts
8,21V00D000_capacity_matched,21V00D000,356309,Hardware Service,8000,12000,5,capacity_matched,2026-07-25 22:50:14,37,R5,1600,1600,0,parts
8,21V00D000_capacity_matched,21V00D000,356309,Hardware Service,8000,12000,5,capacity_matched,2026-07-25 22:50:14,38,R1,1600,1600,0,parts
8,21V00D000_capacity_matched,21V00D000,356309,Hardware Service,8000,12000,5,capacity_matched,2026-07-25 22:50:14,38,R2,1600,1600,0,parts
8,21V00D000_capacity_matched,21V00D000,356309,Hardware Service,8000,12000,5,capacity_matched,2026-07-25 22:50:14,38,R3,1600,1600,0,parts
8,21V00D000_capacity_matched,21V00D000,356309,Hardware Service,8000,12000,5,capacity_matched,2026-07-25 22:50:14,38,R4,1600,1600,0,parts
8,21V00D000_capacity_matched,21V00D000,356309,Hardware Service,8000,12000,5,capacity_matched,2026-07-25 22:50:14,38,R5,1600,1600,0,parts
8,21V00D000_capacity_matched,21V00D000,356309,Hardware Service,8000,12000,5,capacity_matched,2026-07-25 22:50:14,39,R1,1600,1600,0,parts
8,21V00D000_capacity_matched,21V00D000,356309,Hardware Service,8000,12000,5,capacity_matched,2026-07-25 22:50:14,39,R2,1600,1600,0,parts
8,21V00D000_capacity_matched,21V00D000,356309,Hardware Service,8000,12000,5,capacity_matched,2026-07-25 22:50:14,39,R3,1600,1600,0,parts
8,21V00D000_capacity_matched,21V00D000,356309,Hardware Service,8000,12000,5,capacity_matched,2026-07-25 22:50:14,39,R4,1600,1600,0,parts
8,21V00D000_capacity_matched,21V00D000,356309,Hardware Service,8000,12000,5,capacity_matched,2026-07-25 22:50:14,39,R5,1600,1600,0,parts
8,21V00D000_capacity_matched,21V00D000,356309,Hardware Service,8000,12000,5,capacity_matched,2026-07-25 22:50:14,40,R1,1600,1600,0,parts
8,21V00D000_capacity_matched,21V00D000,356309,Hardware Service,8000,12000,5,capacity_matched,2026-07-25 22:50:14,40,R2,1600,1600,0,parts
8,21V00D000_capacity_matched,21V00D000,356309,Hardware Service,8000,12000,5,capacity_matched,2026-07-25 22:50:14,40,R3,1600,1600,0,parts
8,21V00D000_capacity_matched,21V00D000,356309,Hardware Service,8000,12000,5,capacity_matched,2026-07-25 22:50:14,40,R4,1600,1600,0,parts
8,21V00D000_capacity_matched,21V00D000,356309,Hardware Service,8000,12000,5,capacity_matched,2026-07-25 22:50:14,40,R5,1600,1600,0,parts
8,21V00D000_capacity_matched,21V00D000,356309,Hardware Service,8000,12000,5,capacity_matched,2026-07-25 22:50:14,41,R1,1600,1600,0,parts
8,21V00D000_capacity_matched,21V00D000,356309,Hardware Service,8000,12000,5,capacity_matched,2026-07-25 22:50:14,41,R2,1600,1600,0,parts
8,21V00D000_capacity_matched,21V00D000,356309,Hardware Service,8000,12000,5,capacity_matched,2026-07-25 22:50:14,41,R3,1600,1600,0,parts
8,21V00D000_capacity_matched,21V00D000,356309,Hardware Service,8000,12000,5,capacity_matched,2026-07-25 22:50:14,41,R4,1600,1600,0,parts
8,21V00D000_capacity_matched,21V00D000,356309,Hardware Service,8000,12000,5,capacity_matched,2026-07-25 22:50:14,41,R5,1600,1600,0,parts
8,21V00D000_capacity_matched,21V00D000,356309,Hardware Service,8000,12000,5,capacity_matched,2026-07-25 22:50:14,42,R1,1600,1600,0,parts
8,21V00D000_capacity_matched,21V00D000,356309,Hardware Service,8000,12000,5,capacity_matched,2026-07-25 22:50:14,42,R2,1600,1600,0,parts
8,21V00D000_capacity_matched,21V00D000,356309,Hardware Service,8000,12000,5,capacity_matched,2026-07-25 22:50:14,42,R3,1600,1600,0,parts
8,21V00D000_capacity_matched,21V00D000,356309,Hardware Service,8000,12000,5,capacity_matched,2026-07-25 22:50:14,42,R4,1600,1600,0,parts
8,21V00D000_capacity_matched,21V00D000,356309,Hardware Service,8000,12000,5,capacity_matched,2026-07-25 22:50:14,42,R5,1600,1600,0,parts
8,21V00D000_capacity_matched,21V00D000,356309,Hardware Service,8000,12000,5,capacity_matched,2026-07-25 22:50:14,43,R1,1600,1600,0,parts
8,21V00D000_capacity_matched,21V00D000,356309,Hardware Service,8000,12000,5,capacity_matched,2026-07-25 22:50:14,43,R2,1600,1600,0,parts
8,21V00D000_capacity_matched,21V00D000,356309,Hardware Service,8000,12000,5,capacity_matched,2026-07-25 22:50:14,43,R3,1600,1600,0,parts
8,21V00D000_capacity_matched,21V00D000,356309,Hardware Service,8000,12000,5,capacity_matched,2026-07-25 22:50:14,43,R4,1600,1600,0,parts
8,21V00D000_capacity_matched,21V00D000,356309,Hardware Service,8000,12000,5,capacity_matched,2026-07-25 22:50:14,43,R5,1600,1600,0,parts
8,21V00D000_capacity_matched,21V00D000,356309,Hardware Service,8000,12000,5,capacity_matched,2026-07-25 22:50:14,44,R1,1600,1600,0,parts
8,21V00D000_capacity_matched,21V00D000,356309,Hardware Service,8000,12000,5,capacity_matched,2026-07-25 22:50:14,44,R2,1600,1600,0,parts
8,21V00D000_capacity_matched,21V00D000,356309,Hardware Service,8000,12000,5,capacity_matched,2026-07-25 22:50:14,44,R3,1600,1600,0,parts
8,21V00D000_capacity_matched,21V00D000,356309,Hardware Service,8000,12000,5,capacity_matched,2026-07-25 22:50:14,44,R4,1600,1600,0,parts
8,21V00D000_capacity_matched,21V00D000,356309,Hardware Service,8000,12000,5,capacity_matched,2026-07-25 22:50:14,44,R5,1600,1600,0,parts
8,21V00D000_capacity_matched,21V00D000,356309,Hardware Service,8000,12000,5,capacity_matched,2026-07-25 22:50:14,45,R1,865,865,0,parts
8,21V00D000_capacity_matched,21V00D000,356309,Hardware Service,8000,12000,5,capacity_matched,2026-07-25 22:50:14,45,R2,861,861,0,parts
8,21V00D000_capacity_matched,21V00D000,356309,Hardware Service,8000,12000,5,capacity_matched,2026-07-25 22:50:14,45,R3,861,861,0,parts
8,21V00D000_capacity_matched,21V00D000,356309,Hardware Service,8000,12000,5,capacity_matched,2026-07-25 22:50:14,45,R4,861,861,0,parts
8,21V00D000_capacity_matched,21V00D000,356309,Hardware Service,8000,12000,5,capacity_matched,2026-07-25 22:50:14,45,R5,861,861,0,parts
9,21V00B000_notify_all,21V00B000,130441,Other,6000,10000,5,notify_all,2026-07-25 22:50:38,1,R1,26089,1200,24889,parts
9,21V00B000_notify_all,21V00B000,130441,Other,6000,10000,5,notify_all,2026-07-25 22:50:38,1,R2,26088,1200,24888,parts
9,21V00B000_notify_all,21V00B000,130441,Other,6000,10000,5,notify_all,2026-07-25 22:50:38,1,R3,26088,1200,24888,parts
9,21V00B000_notify_all,21V00B000,130441,Other,6000,10000,5,notify_all,2026-07-25 22:50:38,1,R4,26088,1200,24888,parts
9,21V00B000_notify_all,21V00B000,130441,Other,6000,10000,5,notify_all,2026-07-25 22:50:38,1,R5,26088,1200,24888,parts
9,21V00B000_notify_all,21V00B000,130441,Other,6000,10000,5,notify_all,2026-07-25 22:50:38,2,R1,0,1200,23689,parts
9,21V00B000_notify_all,21V00B000,130441,Other,6000,10000,5,notify_all,2026-07-25 22:50:38,2,R2,0,1200,23688,parts
9,21V00B000_notify_all,21V00B000,130441,Other,6000,10000,5,notify_all,2026-07-25 22:50:38,2,R3,0,1200,23688,parts
9,21V00B000_notify_all,21V00B000,130441,Other,6000,10000,5,notify_all,2026-07-25 22:50:38,2,R4,0,1200,23688,parts
9,21V00B000_notify_all,21V00B000,130441,Other,6000,10000,5,notify_all,2026-07-25 22:50:38,2,R5,0,1200,23688,parts
9,21V00B000_notify_all,21V00B000,130441,Other,6000,10000,5,notify_all,2026-07-25 22:50:38,3,R1,0,1200,22489,parts
9,21V00B000_notify_all,21V00B000,130441,Other,6000,10000,5,notify_all,2026-07-25 22:50:38,3,R2,0,1200,22488,parts
9,21V00B000_notify_all,21V00B000,130441,Other,6000,10000,5,notify_all,2026-07-25 22:50:38,3,R3,0,1200,22488,parts
9,21V00B000_notify_all,21V00B000,130441,Other,6000,10000,5,notify_all,2026-07-25 22:50:38,3,R4,0,1200,22488,parts
9,21V00B000_notify_all,21V00B000,130441,Other,6000,10000,5,notify_all,2026-07-25 22:50:38,3,R5,0,1200,22488,parts
9,21V00B000_notify_all,21V00B000,130441,Other,6000,10000,5,notify_all,2026-07-25 22:50:38,4,R1,0,1200,21289,parts
9,21V00B000_notify_all,21V00B000,130441,Other,6000,10000,5,notify_all,2026-07-25 22:50:38,4,R2,0,1200,21288,parts
9,21V00B000_notify_all,21V00B000,130441,Other,6000,10000,5,notify_all,2026-07-25 22:50:38,4,R3,0,1200,21288,parts
9,21V00B000_notify_all,21V00B000,130441,Other,6000,10000,5,notify_all,2026-07-25 22:50:38,4,R4,0,1200,21288,parts
9,21V00B000_notify_all,21V00B000,130441,Other,6000,10000,5,notify_all,2026-07-25 22:50:38,4,R5,0,1200,21288,parts
9,21V00B000_notify_all,21V00B000,130441,Other,6000,10000,5,notify_all,2026-07-25 22:50:38,5,R1,0,1200,20089,parts
9,21V00B000_notify_all,21V00B000,130441,Other,6000,10000,5,notify_all,2026-07-25 22:50:38,5,R2,0,1200,20088,parts
9,21V00B000_notify_all,21V00B000,130441,Other,6000,10000,5,notify_all,2026-07-25 22:50:38,5,R3,0,1200,20088,parts
9,21V00B000_notify_all,21V00B000,130441,Other,6000,10000,5,notify_all,2026-07-25 22:50:38,5,R4,0,1200,20088,parts
9,21V00B000_notify_all,21V00B000,130441,Other,6000,10000,5,notify_all,2026-07-25 22:50:38,5,R5,0,1200,20088,parts
9,21V00B000_notify_all,21V00B000,130441,Other,6000,10000,5,notify_all,2026-07-25 22:50:38,6,R1,0,1200,18889,parts
9,21V00B000_notify_all,21V00B000,130441,Other,6000,10000,5,notify_all,2026-07-25 22:50:38,6,R2,0,1200,18888,parts
9,21V00B000_notify_all,21V00B000,130441,Other,6000,10000,5,notify_all,2026-07-25 22:50:38,6,R3,0,1200,18888,parts
9,21V00B000_notify_all,21V00B000,130441,Other,6000,10000,5,notify_all,2026-07-25 22:50:38,6,R4,0,1200,18888,parts
9,21V00B000_notify_all,21V00B000,130441,Other,6000,10000,5,notify_all,2026-07-25 22:50:38,6,R5,0,1200,18888,parts
9,21V00B000_notify_all,21V00B000,130441,Other,6000,10000,5,notify_all,2026-07-25 22:50:38,7,R1,0,1200,17689,parts
9,21V00B000_notify_all,21V00B000,130441,Other,6000,10000,5,notify_all,2026-07-25 22:50:38,7,R2,0,1200,17688,parts
9,21V00B000_notify_all,21V00B000,130441,Other,6000,10000,5,notify_all,2026-07-25 22:50:38,7,R3,0,1200,17688,parts
9,21V00B000_notify_all,21V00B000,130441,Other,6000,10000,5,notify_all,2026-07-25 22:50:38,7,R4,0,1200,17688,parts
9,21V00B000_notify_all,21V00B000,130441,Other,6000,10000,5,notify_all,2026-07-25 22:50:38,7,R5,0,1200,17688,parts
9,21V00B000_notify_all,21V00B000,130441,Other,6000,10000,5,notify_all,2026-07-25 22:50:38,8,R1,0,1200,16489,parts
9,21V00B000_notify_all,21V00B000,130441,Other,6000,10000,5,notify_all,2026-07-25 22:50:38,8,R2,0,1200,16488,parts
9,21V00B000_notify_all,21V00B000,130441,Other,6000,10000,5,notify_all,2026-07-25 22:50:38,8,R3,0,1200,16488,parts
9,21V00B000_notify_all,21V00B000,130441,Other,6000,10000,5,notify_all,2026-07-25 22:50:38,8,R4,0,1200,16488,parts
9,21V00B000_notify_all,21V00B000,130441,Other,6000,10000,5,notify_all,2026-07-25 22:50:38,8,R5,0,1200,16488,parts
9,21V00B000_notify_all,21V00B000,130441,Other,6000,10000,5,notify_all,2026-07-25 22:50:38,9,R1,0,1200,15289,parts
9,21V00B000_notify_all,21V00B000,130441,Other,6000,10000,5,notify_all,2026-07-25 22:50:38,9,R2,0,1200,15288,parts
9,21V00B000_notify_all,21V00B000,130441,Other,6000,10000,5,notify_all,2026-07-25 22:50:38,9,R3,0,1200,15288,parts
9,21V00B000_notify_all,21V00B000,130441,Other,6000,10000,5,notify_all,2026-07-25 22:50:38,9,R4,0,1200,15288,parts
9,21V00B000_notify_all,21V00B000,130441,Other,6000,10000,5,notify_all,2026-07-25 22:50:38,9,R5,0,1200,15288,parts
9,21V00B000_notify_all,21V00B000,130441,Other,6000,10000,5,notify_all,2026-07-25 22:50:38,10,R1,0,1200,14089,parts
9,21V00B000_notify_all,21V00B000,130441,Other,6000,10000,5,notify_all,2026-07-25 22:50:38,10,R2,0,1200,14088,parts
9,21V00B000_notify_all,21V00B000,130441,Other,6000,10000,5,notify_all,2026-07-25 22:50:38,10,R3,0,1200,14088,parts
9,21V00B000_notify_all,21V00B000,130441,Other,6000,10000,5,notify_all,2026-07-25 22:50:38,10,R4,0,1200,14088,parts
9,21V00B000_notify_all,21V00B000,130441,Other,6000,10000,5,notify_all,2026-07-25 22:50:38,10,R5,0,1200,14088,parts
9,21V00B000_notify_all,21V00B000,130441,Other,6000,10000,5,notify_all,2026-07-25 22:50:38,11,R1,0,1200,12889,parts
9,21V00B000_notify_all,21V00B000,130441,Other,6000,10000,5,notify_all,2026-07-25 22:50:38,11,R2,0,1200,12888,parts
9,21V00B000_notify_all,21V00B000,130441,Other,6000,10000,5,notify_all,2026-07-25 22:50:38,11,R3,0,1200,12888,parts
9,21V00B000_notify_all,21V00B000,130441,Other,6000,10000,5,notify_all,2026-07-25 22:50:38,11,R4,0,1200,12888,parts
9,21V00B000_notify_all,21V00B000,130441,Other,6000,10000,5,notify_all,2026-07-25 22:50:38,11,R5,0,1200,12888,parts
9,21V00B000_notify_all,21V00B000,130441,Other,6000,10000,5,notify_all,2026-07-25 22:50:38,12,R1,0,1200,11689,parts
9,21V00B000_notify_all,21V00B000,130441,Other,6000,10000,5,notify_all,2026-07-25 22:50:38,12,R2,0,1200,11688,parts
9,21V00B000_notify_all,21V00B000,130441,Other,6000,10000,5,notify_all,2026-07-25 22:50:38,12,R3,0,1200,11688,parts
9,21V00B000_notify_all,21V00B000,130441,Other,6000,10000,5,notify_all,2026-07-25 22:50:38,12,R4,0,1200,11688,parts
9,21V00B000_notify_all,21V00B000,130441,Other,6000,10000,5,notify_all,2026-07-25 22:50:38,12,R5,0,1200,11688,parts
9,21V00B000_notify_all,21V00B000,130441,Other,6000,10000,5,notify_all,2026-07-25 22:50:38,13,R1,0,1200,10489,parts
9,21V00B000_notify_all,21V00B000,130441,Other,6000,10000,5,notify_all,2026-07-25 22:50:38,13,R2,0,1200,10488,parts
9,21V00B000_notify_all,21V00B000,130441,Other,6000,10000,5,notify_all,2026-07-25 22:50:38,13,R3,0,1200,10488,parts
9,21V00B000_notify_all,21V00B000,130441,Other,6000,10000,5,notify_all,2026-07-25 22:50:38,13,R4,0,1200,10488,parts
9,21V00B000_notify_all,21V00B000,130441,Other,6000,10000,5,notify_all,2026-07-25 22:50:38,13,R5,0,1200,10488,parts
9,21V00B000_notify_all,21V00B000,130441,Other,6000,10000,5,notify_all,2026-07-25 22:50:38,14,R1,0,1200,9289,parts
9,21V00B000_notify_all,21V00B000,130441,Other,6000,10000,5,notify_all,2026-07-25 22:50:38,14,R2,0,1200,9288,parts
9,21V00B000_notify_all,21V00B000,130441,Other,6000,10000,5,notify_all,2026-07-25 22:50:38,14,R3,0,1200,9288,parts
9,21V00B000_notify_all,21V00B000,130441,Other,6000,10000,5,notify_all,2026-07-25 22:50:38,14,R4,0,1200,9288,parts
9,21V00B000_notify_all,21V00B000,130441,Other,6000,10000,5,notify_all,2026-07-25 22:50:38,14,R5,0,1200,9288,parts
9,21V00B000_notify_all,21V00B000,130441,Other,6000,10000,5,notify_all,2026-07-25 22:50:38,15,R1,0,1200,8089,parts
9,21V00B000_notify_all,21V00B000,130441,Other,6000,10000,5,notify_all,2026-07-25 22:50:38,15,R2,0,1200,8088,parts
9,21V00B000_notify_all,21V00B000,130441,Other,6000,10000,5,notify_all,2026-07-25 22:50:38,15,R3,0,1200,8088,parts
9,21V00B000_notify_all,21V00B000,130441,Other,6000,10000,5,notify_all,2026-07-25 22:50:38,15,R4,0,1200,8088,parts
9,21V00B000_notify_all,21V00B000,130441,Other,6000,10000,5,notify_all,2026-07-25 22:50:38,15,R5,0,1200,8088,parts
9,21V00B000_notify_all,21V00B000,130441,Other,6000,10000,5,notify_all,2026-07-25 22:50:38,16,R1,0,1200,6889,parts
9,21V00B000_notify_all,21V00B000,130441,Other,6000,10000,5,notify_all,2026-07-25 22:50:38,16,R2,0,1200,6888,parts
9,21V00B000_notify_all,21V00B000,130441,Other,6000,10000,5,notify_all,2026-07-25 22:50:38,16,R3,0,1200,6888,parts
9,21V00B000_notify_all,21V00B000,130441,Other,6000,10000,5,notify_all,2026-07-25 22:50:38,16,R4,0,1200,6888,parts
9,21V00B000_notify_all,21V00B000,130441,Other,6000,10000,5,notify_all,2026-07-25 22:50:38,16,R5,0,1200,6888,parts
9,21V00B000_notify_all,21V00B000,130441,Other,6000,10000,5,notify_all,2026-07-25 22:50:38,17,R1,0,1200,5689,parts
9,21V00B000_notify_all,21V00B000,130441,Other,6000,10000,5,notify_all,2026-07-25 22:50:38,17,R2,0,1200,5688,parts
9,21V00B000_notify_all,21V00B000,130441,Other,6000,10000,5,notify_all,2026-07-25 22:50:38,17,R3,0,1200,5688,parts
9,21V00B000_notify_all,21V00B000,130441,Other,6000,10000,5,notify_all,2026-07-25 22:50:38,17,R4,0,1200,5688,parts
9,21V00B000_notify_all,21V00B000,130441,Other,6000,10000,5,notify_all,2026-07-25 22:50:38,17,R5,0,1200,5688,parts
9,21V00B000_notify_all,21V00B000,130441,Other,6000,10000,5,notify_all,2026-07-25 22:50:38,18,R1,0,1200,4489,parts
9,21V00B000_notify_all,21V00B000,130441,Other,6000,10000,5,notify_all,2026-07-25 22:50:38,18,R2,0,1200,4488,parts
9,21V00B000_notify_all,21V00B000,130441,Other,6000,10000,5,notify_all,2026-07-25 22:50:38,18,R3,0,1200,4488,parts
9,21V00B000_notify_all,21V00B000,130441,Other,6000,10000,5,notify_all,2026-07-25 22:50:38,18,R4,0,1200,4488,parts
9,21V00B000_notify_all,21V00B000,130441,Other,6000,10000,5,notify_all,2026-07-25 22:50:38,18,R5,0,1200,4488,parts
9,21V00B000_notify_all,21V00B000,130441,Other,6000,10000,5,notify_all,2026-07-25 22:50:38,19,R1,0,1200,3289,parts
9,21V00B000_notify_all,21V00B000,130441,Other,6000,10000,5,notify_all,2026-07-25 22:50:38,19,R2,0,1200,3288,parts
9,21V00B000_notify_all,21V00B000,130441,Other,6000,10000,5,notify_all,2026-07-25 22:50:38,19,R3,0,1200,3288,parts
9,21V00B000_notify_all,21V00B000,130441,Other,6000,10000,5,notify_all,2026-07-25 22:50:38,19,R4,0,1200,3288,parts
9,21V00B000_notify_all,21V00B000,130441,Other,6000,10000,5,notify_all,2026-07-25 22:50:38,19,R5,0,1200,3288,parts
9,21V00B000_notify_all,21V00B000,130441,Other,6000,10000,5,notify_all,2026-07-25 22:50:38,20,R1,0,1200,2089,parts
9,21V00B000_notify_all,21V00B000,130441,Other,6000,10000,5,notify_all,2026-07-25 22:50:38,20,R2,0,1200,2088,parts
9,21V00B000_notify_all,21V00B000,130441,Other,6000,10000,5,notify_all,2026-07-25 22:50:38,20,R3,0,1200,2088,parts
9,21V00B000_notify_all,21V00B000,130441,Other,6000,10000,5,notify_all,2026-07-25 22:50:38,20,R4,0,1200,2088,parts
9,21V00B000_notify_all,21V00B000,130441,Other,6000,10000,5,notify_all,2026-07-25 22:50:38,20,R5,0,1200,2088,parts
9,21V00B000_notify_all,21V00B000,130441,Other,6000,10000,5,notify_all,2026-07-25 22:50:38,21,R1,0,1200,889,parts
9,21V00B000_notify_all,21V00B000,130441,Other,6000,10000,5,notify_all,2026-07-25 22:50:38,21,R2,0,1200,888,parts
9,21V00B000_notify_all,21V00B000,130441,Other,6000,10000,5,notify_all,2026-07-25 22:50:38,21,R3,0,1200,888,parts
9,21V00B000_notify_all,21V00B000,130441,Other,6000,10000,5,notify_all,2026-07-25 22:50:38,21,R4,0,1200,888,parts
9,21V00B000_notify_all,21V00B000,130441,Other,6000,10000,5,notify_all,2026-07-25 22:50:38,21,R5,0,1200,888,parts
9,21V00B000_notify_all,21V00B000,130441,Other,6000,10000,5,notify_all,2026-07-25 22:50:38,22,R1,0,889,0,parts
9,21V00B000_notify_all,21V00B000,130441,Other,6000,10000,5,notify_all,2026-07-25 22:50:38,22,R2,0,888,0,parts
9,21V00B000_notify_all,21V00B000,130441,Other,6000,10000,5,notify_all,2026-07-25 22:50:38,22,R3,0,888,0,parts
9,21V00B000_notify_all,21V00B000,130441,Other,6000,10000,5,notify_all,2026-07-25 22:50:38,22,R4,0,888,0,parts
9,21V00B000_notify_all,21V00B000,130441,Other,6000,10000,5,notify_all,2026-07-25 22:50:38,22,R5,0,888,0,parts
10,21V00B000_capacity_matched,21V00B000,130441,Other,6000,10000,5,capacity_matched,2026-07-25 22:50:38,1,R1,1200,1200,0,parts
10,21V00B000_capacity_matched,21V00B000,130441,Other,6000,10000,5,capacity_matched,2026-07-25 22:50:38,1,R2,1200,1200,0,parts
10,21V00B000_capacity_matched,21V00B000,130441,Other,6000,10000,5,capacity_matched,2026-07-25 22:50:38,1,R3,1200,1200,0,parts
10,21V00B000_capacity_matched,21V00B000,130441,Other,6000,10000,5,capacity_matched,2026-07-25 22:50:38,1,R4,1200,1200,0,parts
10,21V00B000_capacity_matched,21V00B000,130441,Other,6000,10000,5,capacity_matched,2026-07-25 22:50:38,1,R5,1200,1200,0,parts
10,21V00B000_capacity_matched,21V00B000,130441,Other,6000,10000,5,capacity_matched,2026-07-25 22:50:38,2,R1,1200,1200,0,parts
10,21V00B000_capacity_matched,21V00B000,130441,Other,6000,10000,5,capacity_matched,2026-07-25 22:50:38,2,R2,1200,1200,0,parts
10,21V00B000_capacity_matched,21V00B000,130441,Other,6000,10000,5,capacity_matched,2026-07-25 22:50:38,2,R3,1200,1200,0,parts
10,21V00B000_capacity_matched,21V00B000,130441,Other,6000,10000,5,capacity_matched,2026-07-25 22:50:38,2,R4,1200,1200,0,parts
10,21V00B000_capacity_matched,21V00B000,130441,Other,6000,10000,5,capacity_matched,2026-07-25 22:50:38,2,R5,1200,1200,0,parts
10,21V00B000_capacity_matched,21V00B000,130441,Other,6000,10000,5,capacity_matched,2026-07-25 22:50:38,3,R1,1200,1200,0,parts
10,21V00B000_capacity_matched,21V00B000,130441,Other,6000,10000,5,capacity_matched,2026-07-25 22:50:38,3,R2,1200,1200,0,parts
10,21V00B000_capacity_matched,21V00B000,130441,Other,6000,10000,5,capacity_matched,2026-07-25 22:50:38,3,R3,1200,1200,0,parts
10,21V00B000_capacity_matched,21V00B000,130441,Other,6000,10000,5,capacity_matched,2026-07-25 22:50:38,3,R4,1200,1200,0,parts
10,21V00B000_capacity_matched,21V00B000,130441,Other,6000,10000,5,capacity_matched,2026-07-25 22:50:38,3,R5,1200,1200,0,parts
10,21V00B000_capacity_matched,21V00B000,130441,Other,6000,10000,5,capacity_matched,2026-07-25 22:50:38,4,R1,1200,1200,0,parts
10,21V00B000_capacity_matched,21V00B000,130441,Other,6000,10000,5,capacity_matched,2026-07-25 22:50:38,4,R2,1200,1200,0,parts
10,21V00B000_capacity_matched,21V00B000,130441,Other,6000,10000,5,capacity_matched,2026-07-25 22:50:38,4,R3,1200,1200,0,parts
10,21V00B000_capacity_matched,21V00B000,130441,Other,6000,10000,5,capacity_matched,2026-07-25 22:50:38,4,R4,1200,1200,0,parts
10,21V00B000_capacity_matched,21V00B000,130441,Other,6000,10000,5,capacity_matched,2026-07-25 22:50:38,4,R5,1200,1200,0,parts
10,21V00B000_capacity_matched,21V00B000,130441,Other,6000,10000,5,capacity_matched,2026-07-25 22:50:38,5,R1,1200,1200,0,parts
10,21V00B000_capacity_matched,21V00B000,130441,Other,6000,10000,5,capacity_matched,2026-07-25 22:50:38,5,R2,1200,1200,0,parts
10,21V00B000_capacity_matched,21V00B000,130441,Other,6000,10000,5,capacity_matched,2026-07-25 22:50:38,5,R3,1200,1200,0,parts
10,21V00B000_capacity_matched,21V00B000,130441,Other,6000,10000,5,capacity_matched,2026-07-25 22:50:38,5,R4,1200,1200,0,parts
10,21V00B000_capacity_matched,21V00B000,130441,Other,6000,10000,5,capacity_matched,2026-07-25 22:50:38,5,R5,1200,1200,0,parts
10,21V00B000_capacity_matched,21V00B000,130441,Other,6000,10000,5,capacity_matched,2026-07-25 22:50:38,6,R1,1200,1200,0,parts
10,21V00B000_capacity_matched,21V00B000,130441,Other,6000,10000,5,capacity_matched,2026-07-25 22:50:38,6,R2,1200,1200,0,parts
10,21V00B000_capacity_matched,21V00B000,130441,Other,6000,10000,5,capacity_matched,2026-07-25 22:50:38,6,R3,1200,1200,0,parts
10,21V00B000_capacity_matched,21V00B000,130441,Other,6000,10000,5,capacity_matched,2026-07-25 22:50:38,6,R4,1200,1200,0,parts
10,21V00B000_capacity_matched,21V00B000,130441,Other,6000,10000,5,capacity_matched,2026-07-25 22:50:38,6,R5,1200,1200,0,parts
10,21V00B000_capacity_matched,21V00B000,130441,Other,6000,10000,5,capacity_matched,2026-07-25 22:50:38,7,R1,1200,1200,0,parts
10,21V00B000_capacity_matched,21V00B000,130441,Other,6000,10000,5,capacity_matched,2026-07-25 22:50:38,7,R2,1200,1200,0,parts
10,21V00B000_capacity_matched,21V00B000,130441,Other,6000,10000,5,capacity_matched,2026-07-25 22:50:38,7,R3,1200,1200,0,parts
10,21V00B000_capacity_matched,21V00B000,130441,Other,6000,10000,5,capacity_matched,2026-07-25 22:50:38,7,R4,1200,1200,0,parts
10,21V00B000_capacity_matched,21V00B000,130441,Other,6000,10000,5,capacity_matched,2026-07-25 22:50:38,7,R5,1200,1200,0,parts
10,21V00B000_capacity_matched,21V00B000,130441,Other,6000,10000,5,capacity_matched,2026-07-25 22:50:38,8,R1,1200,1200,0,parts
10,21V00B000_capacity_matched,21V00B000,130441,Other,6000,10000,5,capacity_matched,2026-07-25 22:50:38,8,R2,1200,1200,0,parts
10,21V00B000_capacity_matched,21V00B000,130441,Other,6000,10000,5,capacity_matched,2026-07-25 22:50:38,8,R3,1200,1200,0,parts
10,21V00B000_capacity_matched,21V00B000,130441,Other,6000,10000,5,capacity_matched,2026-07-25 22:50:38,8,R4,1200,1200,0,parts
10,21V00B000_capacity_matched,21V00B000,130441,Other,6000,10000,5,capacity_matched,2026-07-25 22:50:38,8,R5,1200,1200,0,parts
10,21V00B000_capacity_matched,21V00B000,130441,Other,6000,10000,5,capacity_matched,2026-07-25 22:50:38,9,R1,1200,1200,0,parts
10,21V00B000_capacity_matched,21V00B000,130441,Other,6000,10000,5,capacity_matched,2026-07-25 22:50:38,9,R2,1200,1200,0,parts
10,21V00B000_capacity_matched,21V00B000,130441,Other,6000,10000,5,capacity_matched,2026-07-25 22:50:38,9,R3,1200,1200,0,parts
10,21V00B000_capacity_matched,21V00B000,130441,Other,6000,10000,5,capacity_matched,2026-07-25 22:50:38,9,R4,1200,1200,0,parts
10,21V00B000_capacity_matched,21V00B000,130441,Other,6000,10000,5,capacity_matched,2026-07-25 22:50:38,9,R5,1200,1200,0,parts
10,21V00B000_capacity_matched,21V00B000,130441,Other,6000,10000,5,capacity_matched,2026-07-25 22:50:38,10,R1,1200,1200,0,parts
10,21V00B000_capacity_matched,21V00B000,130441,Other,6000,10000,5,capacity_matched,2026-07-25 22:50:38,10,R2,1200,1200,0,parts
10,21V00B000_capacity_matched,21V00B000,130441,Other,6000,10000,5,capacity_matched,2026-07-25 22:50:38,10,R3,1200,1200,0,parts
10,21V00B000_capacity_matched,21V00B000,130441,Other,6000,10000,5,capacity_matched,2026-07-25 22:50:38,10,R4,1200,1200,0,parts
10,21V00B000_capacity_matched,21V00B000,130441,Other,6000,10000,5,capacity_matched,2026-07-25 22:50:38,10,R5,1200,1200,0,parts
10,21V00B000_capacity_matched,21V00B000,130441,Other,6000,10000,5,capacity_matched,2026-07-25 22:50:38,11,R1,1200,1200,0,parts
10,21V00B000_capacity_matched,21V00B000,130441,Other,6000,10000,5,capacity_matched,2026-07-25 22:50:38,11,R2,1200,1200,0,parts
10,21V00B000_capacity_matched,21V00B000,130441,Other,6000,10000,5,capacity_matched,2026-07-25 22:50:38,11,R3,1200,1200,0,parts
10,21V00B000_capacity_matched,21V00B000,130441,Other,6000,10000,5,capacity_matched,2026-07-25 22:50:38,11,R4,1200,1200,0,parts
10,21V00B000_capacity_matched,21V00B000,130441,Other,6000,10000,5,capacity_matched,2026-07-25 22:50:38,11,R5,1200,1200,0,parts
10,21V00B000_capacity_matched,21V00B000,130441,Other,6000,10000,5,capacity_matched,2026-07-25 22:50:38,12,R1,1200,1200,0,parts
10,21V00B000_capacity_matched,21V00B000,130441,Other,6000,10000,5,capacity_matched,2026-07-25 22:50:38,12,R2,1200,1200,0,parts
10,21V00B000_capacity_matched,21V00B000,130441,Other,6000,10000,5,capacity_matched,2026-07-25 22:50:38,12,R3,1200,1200,0,parts
10,21V00B000_capacity_matched,21V00B000,130441,Other,6000,10000,5,capacity_matched,2026-07-25 22:50:38,12,R4,1200,1200,0,parts
10,21V00B000_capacity_matched,21V00B000,130441,Other,6000,10000,5,capacity_matched,2026-07-25 22:50:38,12,R5,1200,1200,0,parts
10,21V00B000_capacity_matched,21V00B000,130441,Other,6000,10000,5,capacity_matched,2026-07-25 22:50:38,13,R1,1200,1200,0,parts
10,21V00B000_capacity_matched,21V00B000,130441,Other,6000,10000,5,capacity_matched,2026-07-25 22:50:38,13,R2,1200,1200,0,parts
10,21V00B000_capacity_matched,21V00B000,130441,Other,6000,10000,5,capacity_matched,2026-07-25 22:50:38,13,R3,1200,1200,0,parts
10,21V00B000_capacity_matched,21V00B000,130441,Other,6000,10000,5,capacity_matched,2026-07-25 22:50:38,13,R4,1200,1200,0,parts
10,21V00B000_capacity_matched,21V00B000,130441,Other,6000,10000,5,capacity_matched,2026-07-25 22:50:38,13,R5,1200,1200,0,parts
10,21V00B000_capacity_matched,21V00B000,130441,Other,6000,10000,5,capacity_matched,2026-07-25 22:50:38,14,R1,1200,1200,0,parts
10,21V00B000_capacity_matched,21V00B000,130441,Other,6000,10000,5,capacity_matched,2026-07-25 22:50:38,14,R2,1200,1200,0,parts
10,21V00B000_capacity_matched,21V00B000,130441,Other,6000,10000,5,capacity_matched,2026-07-25 22:50:38,14,R3,1200,1200,0,parts
10,21V00B000_capacity_matched,21V00B000,130441,Other,6000,10000,5,capacity_matched,2026-07-25 22:50:38,14,R4,1200,1200,0,parts
10,21V00B000_capacity_matched,21V00B000,130441,Other,6000,10000,5,capacity_matched,2026-07-25 22:50:38,14,R5,1200,1200,0,parts
10,21V00B000_capacity_matched,21V00B000,130441,Other,6000,10000,5,capacity_matched,2026-07-25 22:50:38,15,R1,1200,1200,0,parts
10,21V00B000_capacity_matched,21V00B000,130441,Other,6000,10000,5,capacity_matched,2026-07-25 22:50:38,15,R2,1200,1200,0,parts
10,21V00B000_capacity_matched,21V00B000,130441,Other,6000,10000,5,capacity_matched,2026-07-25 22:50:38,15,R3,1200,1200,0,parts
10,21V00B000_capacity_matched,21V00B000,130441,Other,6000,10000,5,capacity_matched,2026-07-25 22:50:38,15,R4,1200,1200,0,parts
10,21V00B000_capacity_matched,21V00B000,130441,Other,6000,10000,5,capacity_matched,2026-07-25 22:50:38,15,R5,1200,1200,0,parts
10,21V00B000_capacity_matched,21V00B000,130441,Other,6000,10000,5,capacity_matched,2026-07-25 22:50:38,16,R1,1200,1200,0,parts
10,21V00B000_capacity_matched,21V00B000,130441,Other,6000,10000,5,capacity_matched,2026-07-25 22:50:38,16,R2,1200,1200,0,parts
10,21V00B000_capacity_matched,21V00B000,130441,Other,6000,10000,5,capacity_matched,2026-07-25 22:50:38,16,R3,1200,1200,0,parts
10,21V00B000_capacity_matched,21V00B000,130441,Other,6000,10000,5,capacity_matched,2026-07-25 22:50:38,16,R4,1200,1200,0,parts
10,21V00B000_capacity_matched,21V00B000,130441,Other,6000,10000,5,capacity_matched,2026-07-25 22:50:38,16,R5,1200,1200,0,parts
10,21V00B000_capacity_matched,21V00B000,130441,Other,6000,10000,5,capacity_matched,2026-07-25 22:50:38,17,R1,1200,1200,0,parts
10,21V00B000_capacity_matched,21V00B000,130441,Other,6000,10000,5,capacity_matched,2026-07-25 22:50:38,17,R2,1200,1200,0,parts
10,21V00B000_capacity_matched,21V00B000,130441,Other,6000,10000,5,capacity_matched,2026-07-25 22:50:38,17,R3,1200,1200,0,parts
10,21V00B000_capacity_matched,21V00B000,130441,Other,6000,10000,5,capacity_matched,2026-07-25 22:50:38,17,R4,1200,1200,0,parts
10,21V00B000_capacity_matched,21V00B000,130441,Other,6000,10000,5,capacity_matched,2026-07-25 22:50:38,17,R5,1200,1200,0,parts
10,21V00B000_capacity_matched,21V00B000,130441,Other,6000,10000,5,capacity_matched,2026-07-25 22:50:38,18,R1,1200,1200,0,parts
10,21V00B000_capacity_matched,21V00B000,130441,Other,6000,10000,5,capacity_matched,2026-07-25 22:50:38,18,R2,1200,1200,0,parts
10,21V00B000_capacity_matched,21V00B000,130441,Other,6000,10000,5,capacity_matched,2026-07-25 22:50:38,18,R3,1200,1200,0,parts
10,21V00B000_capacity_matched,21V00B000,130441,Other,6000,10000,5,capacity_matched,2026-07-25 22:50:38,18,R4,1200,1200,0,parts
10,21V00B000_capacity_matched,21V00B000,130441,Other,6000,10000,5,capacity_matched,2026-07-25 22:50:38,18,R5,1200,1200,0,parts
10,21V00B000_capacity_matched,21V00B000,130441,Other,6000,10000,5,capacity_matched,2026-07-25 22:50:38,19,R1,1200,1200,0,parts
10,21V00B000_capacity_matched,21V00B000,130441,Other,6000,10000,5,capacity_matched,2026-07-25 22:50:38,19,R2,1200,1200,0,parts
10,21V00B000_capacity_matched,21V00B000,130441,Other,6000,10000,5,capacity_matched,2026-07-25 22:50:38,19,R3,1200,1200,0,parts
10,21V00B000_capacity_matched,21V00B000,130441,Other,6000,10000,5,capacity_matched,2026-07-25 22:50:38,19,R4,1200,1200,0,parts
10,21V00B000_capacity_matched,21V00B000,130441,Other,6000,10000,5,capacity_matched,2026-07-25 22:50:38,19,R5,1200,1200,0,parts
10,21V00B000_capacity_matched,21V00B000,130441,Other,6000,10000,5,capacity_matched,2026-07-25 22:50:38,20,R1,1200,1200,0,parts
10,21V00B000_capacity_matched,21V00B000,130441,Other,6000,10000,5,capacity_matched,2026-07-25 22:50:38,20,R2,1200,1200,0,parts
10,21V00B000_capacity_matched,21V00B000,130441,Other,6000,10000,5,capacity_matched,2026-07-25 22:50:38,20,R3,1200,1200,0,parts
10,21V00B000_capacity_matched,21V00B000,130441,Other,6000,10000,5,capacity_matched,2026-07-25 22:50:38,20,R4,1200,1200,0,parts
10,21V00B000_capacity_matched,21V00B000,130441,Other,6000,10000,5,capacity_matched,2026-07-25 22:50:38,20,R5,1200,1200,0,parts
10,21V00B000_capacity_matched,21V00B000,130441,Other,6000,10000,5,capacity_matched,2026-07-25 22:50:38,21,R1,1200,1200,0,parts
10,21V00B000_capacity_matched,21V00B000,130441,Other,6000,10000,5,capacity_matched,2026-07-25 22:50:38,21,R2,1200,1200,0,parts
10,21V00B000_capacity_matched,21V00B000,130441,Other,6000,10000,5,capacity_matched,2026-07-25 22:50:38,21,R3,1200,1200,0,parts
10,21V00B000_capacity_matched,21V00B000,130441,Other,6000,10000,5,capacity_matched,2026-07-25 22:50:38,21,R4,1200,1200,0,parts
10,21V00B000_capacity_matched,21V00B000,130441,Other,6000,10000,5,capacity_matched,2026-07-25 22:50:38,21,R5,1200,1200,0,parts
10,21V00B000_capacity_matched,21V00B000,130441,Other,6000,10000,5,capacity_matched,2026-07-25 22:50:38,22,R1,889,889,0,parts
10,21V00B000_capacity_matched,21V00B000,130441,Other,6000,10000,5,capacity_matched,2026-07-25 22:50:38,22,R2,888,888,0,parts
10,21V00B000_capacity_matched,21V00B000,130441,Other,6000,10000,5,capacity_matched,2026-07-25 22:50:38,22,R3,888,888,0,parts
10,21V00B000_capacity_matched,21V00B000,130441,Other,6000,10000,5,capacity_matched,2026-07-25 22:50:38,22,R4,888,888,0,parts
10,21V00B000_capacity_matched,21V00B000,130441,Other,6000,10000,5,capacity_matched,2026-07-25 22:50:38,22,R5,888,888,0,parts
11,18V204000_notify_all,18V204000,70421,Hardware Service,5000,8000,4,notify_all,2026-07-25 22:50:41,1,R1,17606,1250,16356,parts
11,18V204000_notify_all,18V204000,70421,Hardware Service,5000,8000,4,notify_all,2026-07-25 22:50:41,1,R2,17605,1250,16355,parts
11,18V204000_notify_all,18V204000,70421,Hardware Service,5000,8000,4,notify_all,2026-07-25 22:50:41,1,R3,17605,1250,16355,parts
11,18V204000_notify_all,18V204000,70421,Hardware Service,5000,8000,4,notify_all,2026-07-25 22:50:41,1,R4,17605,1250,16355,parts
11,18V204000_notify_all,18V204000,70421,Hardware Service,5000,8000,4,notify_all,2026-07-25 22:50:41,2,R1,0,1250,15106,parts
11,18V204000_notify_all,18V204000,70421,Hardware Service,5000,8000,4,notify_all,2026-07-25 22:50:41,2,R2,0,1250,15105,parts
11,18V204000_notify_all,18V204000,70421,Hardware Service,5000,8000,4,notify_all,2026-07-25 22:50:41,2,R3,0,1250,15105,parts
11,18V204000_notify_all,18V204000,70421,Hardware Service,5000,8000,4,notify_all,2026-07-25 22:50:41,2,R4,0,1250,15105,parts
11,18V204000_notify_all,18V204000,70421,Hardware Service,5000,8000,4,notify_all,2026-07-25 22:50:41,3,R1,0,1250,13856,parts
11,18V204000_notify_all,18V204000,70421,Hardware Service,5000,8000,4,notify_all,2026-07-25 22:50:41,3,R2,0,1250,13855,parts
11,18V204000_notify_all,18V204000,70421,Hardware Service,5000,8000,4,notify_all,2026-07-25 22:50:41,3,R3,0,1250,13855,parts
11,18V204000_notify_all,18V204000,70421,Hardware Service,5000,8000,4,notify_all,2026-07-25 22:50:41,3,R4,0,1250,13855,parts
11,18V204000_notify_all,18V204000,70421,Hardware Service,5000,8000,4,notify_all,2026-07-25 22:50:41,4,R1,0,1250,12606,parts
11,18V204000_notify_all,18V204000,70421,Hardware Service,5000,8000,4,notify_all,2026-07-25 22:50:41,4,R2,0,1250,12605,parts
11,18V204000_notify_all,18V204000,70421,Hardware Service,5000,8000,4,notify_all,2026-07-25 22:50:41,4,R3,0,1250,12605,parts
11,18V204000_notify_all,18V204000,70421,Hardware Service,5000,8000,4,notify_all,2026-07-25 22:50:41,4,R4,0,1250,12605,parts
11,18V204000_notify_all,18V204000,70421,Hardware Service,5000,8000,4,notify_all,2026-07-25 22:50:41,5,R1,0,1250,11356,parts
11,18V204000_notify_all,18V204000,70421,Hardware Service,5000,8000,4,notify_all,2026-07-25 22:50:41,5,R2,0,1250,11355,parts
11,18V204000_notify_all,18V204000,70421,Hardware Service,5000,8000,4,notify_all,2026-07-25 22:50:41,5,R3,0,1250,11355,parts
11,18V204000_notify_all,18V204000,70421,Hardware Service,5000,8000,4,notify_all,2026-07-25 22:50:41,5,R4,0,1250,11355,parts
11,18V204000_notify_all,18V204000,70421,Hardware Service,5000,8000,4,notify_all,2026-07-25 22:50:41,6,R1,0,1250,10106,parts
11,18V204000_notify_all,18V204000,70421,Hardware Service,5000,8000,4,notify_all,2026-07-25 22:50:41,6,R2,0,1250,10105,parts
11,18V204000_notify_all,18V204000,70421,Hardware Service,5000,8000,4,notify_all,2026-07-25 22:50:41,6,R3,0,1250,10105,parts
11,18V204000_notify_all,18V204000,70421,Hardware Service,5000,8000,4,notify_all,2026-07-25 22:50:41,6,R4,0,1250,10105,parts
11,18V204000_notify_all,18V204000,70421,Hardware Service,5000,8000,4,notify_all,2026-07-25 22:50:41,7,R1,0,1250,8856,parts
11,18V204000_notify_all,18V204000,70421,Hardware Service,5000,8000,4,notify_all,2026-07-25 22:50:41,7,R2,0,1250,8855,parts
11,18V204000_notify_all,18V204000,70421,Hardware Service,5000,8000,4,notify_all,2026-07-25 22:50:41,7,R3,0,1250,8855,parts
11,18V204000_notify_all,18V204000,70421,Hardware Service,5000,8000,4,notify_all,2026-07-25 22:50:41,7,R4,0,1250,8855,parts
11,18V204000_notify_all,18V204000,70421,Hardware Service,5000,8000,4,notify_all,2026-07-25 22:50:41,8,R1,0,1250,7606,parts
11,18V204000_notify_all,18V204000,70421,Hardware Service,5000,8000,4,notify_all,2026-07-25 22:50:41,8,R2,0,1250,7605,parts
11,18V204000_notify_all,18V204000,70421,Hardware Service,5000,8000,4,notify_all,2026-07-25 22:50:41,8,R3,0,1250,7605,parts
11,18V204000_notify_all,18V204000,70421,Hardware Service,5000,8000,4,notify_all,2026-07-25 22:50:41,8,R4,0,1250,7605,parts
11,18V204000_notify_all,18V204000,70421,Hardware Service,5000,8000,4,notify_all,2026-07-25 22:50:41,9,R1,0,1250,6356,parts
11,18V204000_notify_all,18V204000,70421,Hardware Service,5000,8000,4,notify_all,2026-07-25 22:50:41,9,R2,0,1250,6355,parts
11,18V204000_notify_all,18V204000,70421,Hardware Service,5000,8000,4,notify_all,2026-07-25 22:50:41,9,R3,0,1250,6355,parts
11,18V204000_notify_all,18V204000,70421,Hardware Service,5000,8000,4,notify_all,2026-07-25 22:50:41,9,R4,0,1250,6355,parts
11,18V204000_notify_all,18V204000,70421,Hardware Service,5000,8000,4,notify_all,2026-07-25 22:50:41,10,R1,0,1250,5106,parts
11,18V204000_notify_all,18V204000,70421,Hardware Service,5000,8000,4,notify_all,2026-07-25 22:50:41,10,R2,0,1250,5105,parts
11,18V204000_notify_all,18V204000,70421,Hardware Service,5000,8000,4,notify_all,2026-07-25 22:50:41,10,R3,0,1250,5105,parts
11,18V204000_notify_all,18V204000,70421,Hardware Service,5000,8000,4,notify_all,2026-07-25 22:50:41,10,R4,0,1250,5105,parts
11,18V204000_notify_all,18V204000,70421,Hardware Service,5000,8000,4,notify_all,2026-07-25 22:50:41,11,R1,0,1250,3856,parts
11,18V204000_notify_all,18V204000,70421,Hardware Service,5000,8000,4,notify_all,2026-07-25 22:50:41,11,R2,0,1250,3855,parts
11,18V204000_notify_all,18V204000,70421,Hardware Service,5000,8000,4,notify_all,2026-07-25 22:50:41,11,R3,0,1250,3855,parts
11,18V204000_notify_all,18V204000,70421,Hardware Service,5000,8000,4,notify_all,2026-07-25 22:50:41,11,R4,0,1250,3855,parts
11,18V204000_notify_all,18V204000,70421,Hardware Service,5000,8000,4,notify_all,2026-07-25 22:50:41,12,R1,0,1250,2606,parts
11,18V204000_notify_all,18V204000,70421,Hardware Service,5000,8000,4,notify_all,2026-07-25 22:50:41,12,R2,0,1250,2605,parts
11,18V204000_notify_all,18V204000,70421,Hardware Service,5000,8000,4,notify_all,2026-07-25 22:50:41,12,R3,0,1250,2605,parts
11,18V204000_notify_all,18V204000,70421,Hardware Service,5000,8000,4,notify_all,2026-07-25 22:50:41,12,R4,0,1250,2605,parts
11,18V204000_notify_all,18V204000,70421,Hardware Service,5000,8000,4,notify_all,2026-07-25 22:50:41,13,R1,0,1250,1356,parts
11,18V204000_notify_all,18V204000,70421,Hardware Service,5000,8000,4,notify_all,2026-07-25 22:50:41,13,R2,0,1250,1355,parts
11,18V204000_notify_all,18V204000,70421,Hardware Service,5000,8000,4,notify_all,2026-07-25 22:50:41,13,R3,0,1250,1355,parts
11,18V204000_notify_all,18V204000,70421,Hardware Service,5000,8000,4,notify_all,2026-07-25 22:50:41,13,R4,0,1250,1355,parts
11,18V204000_notify_all,18V204000,70421,Hardware Service,5000,8000,4,notify_all,2026-07-25 22:50:41,14,R1,0,1250,106,parts
11,18V204000_notify_all,18V204000,70421,Hardware Service,5000,8000,4,notify_all,2026-07-25 22:50:41,14,R2,0,1250,105,parts
11,18V204000_notify_all,18V204000,70421,Hardware Service,5000,8000,4,notify_all,2026-07-25 22:50:41,14,R3,0,1250,105,parts
11,18V204000_notify_all,18V204000,70421,Hardware Service,5000,8000,4,notify_all,2026-07-25 22:50:41,14,R4,0,1250,105,parts
11,18V204000_notify_all,18V204000,70421,Hardware Service,5000,8000,4,notify_all,2026-07-25 22:50:41,15,R1,0,106,0,parts
11,18V204000_notify_all,18V204000,70421,Hardware Service,5000,8000,4,notify_all,2026-07-25 22:50:41,15,R2,0,105,0,parts
11,18V204000_notify_all,18V204000,70421,Hardware Service,5000,8000,4,notify_all,2026-07-25 22:50:41,15,R3,0,105,0,parts
11,18V204000_notify_all,18V204000,70421,Hardware Service,5000,8000,4,notify_all,2026-07-25 22:50:41,15,R4,0,105,0,parts
12,18V204000_capacity_matched,18V204000,70421,Hardware Service,5000,8000,4,capacity_matched,2026-07-25 22:50:41,1,R1,1250,1250,0,parts
12,18V204000_capacity_matched,18V204000,70421,Hardware Service,5000,8000,4,capacity_matched,2026-07-25 22:50:41,1,R2,1250,1250,0,parts
12,18V204000_capacity_matched,18V204000,70421,Hardware Service,5000,8000,4,capacity_matched,2026-07-25 22:50:41,1,R3,1250,1250,0,parts
12,18V204000_capacity_matched,18V204000,70421,Hardware Service,5000,8000,4,capacity_matched,2026-07-25 22:50:41,1,R4,1250,1250,0,parts
12,18V204000_capacity_matched,18V204000,70421,Hardware Service,5000,8000,4,capacity_matched,2026-07-25 22:50:41,2,R1,1250,1250,0,parts
12,18V204000_capacity_matched,18V204000,70421,Hardware Service,5000,8000,4,capacity_matched,2026-07-25 22:50:41,2,R2,1250,1250,0,parts
12,18V204000_capacity_matched,18V204000,70421,Hardware Service,5000,8000,4,capacity_matched,2026-07-25 22:50:41,2,R3,1250,1250,0,parts
12,18V204000_capacity_matched,18V204000,70421,Hardware Service,5000,8000,4,capacity_matched,2026-07-25 22:50:41,2,R4,1250,1250,0,parts
12,18V204000_capacity_matched,18V204000,70421,Hardware Service,5000,8000,4,capacity_matched,2026-07-25 22:50:41,3,R1,1250,1250,0,parts
12,18V204000_capacity_matched,18V204000,70421,Hardware Service,5000,8000,4,capacity_matched,2026-07-25 22:50:41,3,R2,1250,1250,0,parts
12,18V204000_capacity_matched,18V204000,70421,Hardware Service,5000,8000,4,capacity_matched,2026-07-25 22:50:41,3,R3,1250,1250,0,parts
12,18V204000_capacity_matched,18V204000,70421,Hardware Service,5000,8000,4,capacity_matched,2026-07-25 22:50:41,3,R4,1250,1250,0,parts
12,18V204000_capacity_matched,18V204000,70421,Hardware Service,5000,8000,4,capacity_matched,2026-07-25 22:50:41,4,R1,1250,1250,0,parts
12,18V204000_capacity_matched,18V204000,70421,Hardware Service,5000,8000,4,capacity_matched,2026-07-25 22:50:41,4,R2,1250,1250,0,parts
12,18V204000_capacity_matched,18V204000,70421,Hardware Service,5000,8000,4,capacity_matched,2026-07-25 22:50:41,4,R3,1250,1250,0,parts
12,18V204000_capacity_matched,18V204000,70421,Hardware Service,5000,8000,4,capacity_matched,2026-07-25 22:50:41,4,R4,1250,1250,0,parts
12,18V204000_capacity_matched,18V204000,70421,Hardware Service,5000,8000,4,capacity_matched,2026-07-25 22:50:41,5,R1,1250,1250,0,parts
12,18V204000_capacity_matched,18V204000,70421,Hardware Service,5000,8000,4,capacity_matched,2026-07-25 22:50:41,5,R2,1250,1250,0,parts
12,18V204000_capacity_matched,18V204000,70421,Hardware Service,5000,8000,4,capacity_matched,2026-07-25 22:50:41,5,R3,1250,1250,0,parts
12,18V204000_capacity_matched,18V204000,70421,Hardware Service,5000,8000,4,capacity_matched,2026-07-25 22:50:41,5,R4,1250,1250,0,parts
12,18V204000_capacity_matched,18V204000,70421,Hardware Service,5000,8000,4,capacity_matched,2026-07-25 22:50:41,6,R1,1250,1250,0,parts
12,18V204000_capacity_matched,18V204000,70421,Hardware Service,5000,8000,4,capacity_matched,2026-07-25 22:50:41,6,R2,1250,1250,0,parts
12,18V204000_capacity_matched,18V204000,70421,Hardware Service,5000,8000,4,capacity_matched,2026-07-25 22:50:41,6,R3,1250,1250,0,parts
12,18V204000_capacity_matched,18V204000,70421,Hardware Service,5000,8000,4,capacity_matched,2026-07-25 22:50:41,6,R4,1250,1250,0,parts
12,18V204000_capacity_matched,18V204000,70421,Hardware Service,5000,8000,4,capacity_matched,2026-07-25 22:50:41,7,R1,1250,1250,0,parts
12,18V204000_capacity_matched,18V204000,70421,Hardware Service,5000,8000,4,capacity_matched,2026-07-25 22:50:41,7,R2,1250,1250,0,parts
12,18V204000_capacity_matched,18V204000,70421,Hardware Service,5000,8000,4,capacity_matched,2026-07-25 22:50:41,7,R3,1250,1250,0,parts
12,18V204000_capacity_matched,18V204000,70421,Hardware Service,5000,8000,4,capacity_matched,2026-07-25 22:50:41,7,R4,1250,1250,0,parts
12,18V204000_capacity_matched,18V204000,70421,Hardware Service,5000,8000,4,capacity_matched,2026-07-25 22:50:41,8,R1,1250,1250,0,parts
12,18V204000_capacity_matched,18V204000,70421,Hardware Service,5000,8000,4,capacity_matched,2026-07-25 22:50:41,8,R2,1250,1250,0,parts
12,18V204000_capacity_matched,18V204000,70421,Hardware Service,5000,8000,4,capacity_matched,2026-07-25 22:50:41,8,R3,1250,1250,0,parts
12,18V204000_capacity_matched,18V204000,70421,Hardware Service,5000,8000,4,capacity_matched,2026-07-25 22:50:41,8,R4,1250,1250,0,parts
12,18V204000_capacity_matched,18V204000,70421,Hardware Service,5000,8000,4,capacity_matched,2026-07-25 22:50:41,9,R1,1250,1250,0,parts
12,18V204000_capacity_matched,18V204000,70421,Hardware Service,5000,8000,4,capacity_matched,2026-07-25 22:50:41,9,R2,1250,1250,0,parts
12,18V204000_capacity_matched,18V204000,70421,Hardware Service,5000,8000,4,capacity_matched,2026-07-25 22:50:41,9,R3,1250,1250,0,parts
12,18V204000_capacity_matched,18V204000,70421,Hardware Service,5000,8000,4,capacity_matched,2026-07-25 22:50:41,9,R4,1250,1250,0,parts
12,18V204000_capacity_matched,18V204000,70421,Hardware Service,5000,8000,4,capacity_matched,2026-07-25 22:50:41,10,R1,1250,1250,0,parts
12,18V204000_capacity_matched,18V204000,70421,Hardware Service,5000,8000,4,capacity_matched,2026-07-25 22:50:41,10,R2,1250,1250,0,parts
12,18V204000_capacity_matched,18V204000,70421,Hardware Service,5000,8000,4,capacity_matched,2026-07-25 22:50:41,10,R3,1250,1250,0,parts
12,18V204000_capacity_matched,18V204000,70421,Hardware Service,5000,8000,4,capacity_matched,2026-07-25 22:50:41,10,R4,1250,1250,0,parts
12,18V204000_capacity_matched,18V204000,70421,Hardware Service,5000,8000,4,capacity_matched,2026-07-25 22:50:41,11,R1,1250,1250,0,parts
12,18V204000_capacity_matched,18V204000,70421,Hardware Service,5000,8000,4,capacity_matched,2026-07-25 22:50:41,11,R2,1250,1250,0,parts
12,18V204000_capacity_matched,18V204000,70421,Hardware Service,5000,8000,4,capacity_matched,2026-07-25 22:50:41,11,R3,1250,1250,0,parts
12,18V204000_capacity_matched,18V204000,70421,Hardware Service,5000,8000,4,capacity_matched,2026-07-25 22:50:41,11,R4,1250,1250,0,parts
12,18V204000_capacity_matched,18V204000,70421,Hardware Service,5000,8000,4,capacity_matched,2026-07-25 22:50:41,12,R1,1250,1250,0,parts
12,18V204000_capacity_matched,18V204000,70421,Hardware Service,5000,8000,4,capacity_matched,2026-07-25 22:50:41,12,R2,1250,1250,0,parts
12,18V204000_capacity_matched,18V204000,70421,Hardware Service,5000,8000,4,capacity_matched,2026-07-25 22:50:41,12,R3,1250,1250,0,parts
12,18V204000_capacity_matched,18V204000,70421,Hardware Service,5000,8000,4,capacity_matched,2026-07-25 22:50:41,12,R4,1250,1250,0,parts
12,18V204000_capacity_matched,18V204000,70421,Hardware Service,5000,8000,4,capacity_matched,2026-07-25 22:50:41,13,R1,1250,1250,0,parts
12,18V204000_capacity_matched,18V204000,70421,Hardware Service,5000,8000,4,capacity_matched,2026-07-25 22:50:41,13,R2,1250,1250,0,parts
12,18V204000_capacity_matched,18V204000,70421,Hardware Service,5000,8000,4,capacity_matched,2026-07-25 22:50:41,13,R3,1250,1250,0,parts
12,18V204000_capacity_matched,18V204000,70421,Hardware Service,5000,8000,4,capacity_matched,2026-07-25 22:50:41,13,R4,1250,1250,0,parts
12,18V204000_capacity_matched,18V204000,70421,Hardware Service,5000,8000,4,capacity_matched,2026-07-25 22:50:41,14,R1,1250,1250,0,parts
12,18V204000_capacity_matched,18V204000,70421,Hardware Service,5000,8000,4,capacity_matched,2026-07-25 22:50:41,14,R2,1250,1250,0,parts
12,18V204000_capacity_matched,18V204000,70421,Hardware Service,5000,8000,4,capacity_matched,2026-07-25 22:50:41,14,R3,1250,1250,0,parts
12,18V204000_capacity_matched,18V204000,70421,Hardware Service,5000,8000,4,capacity_matched,2026-07-25 22:50:41,14,R4,1250,1250,0,parts
12,18V204000_capacity_matched,18V204000,70421,Hardware Service,5000,8000,4,capacity_matched,2026-07-25 22:50:41,15,R1,106,106,0,parts
12,18V204000_capacity_matched,18V204000,70421,Hardware Service,5000,8000,4,capacity_matched,2026-07-25 22:50:41,15,R2,105,105,0,parts
12,18V204000_capacity_matched,18V204000,70421,Hardware Service,5000,8000,4,capacity_matched,2026-07-25 22:50:41,15,R3,105,105,0,parts
12,18V204000_capacity_matched,18V204000,70421,Hardware Service,5000,8000,4,capacity_matched,2026-07-25 22:50:41,15,R4,105,105,0,parts
13,19V002000_notify_all,19V002000,68673,Hardware Service,7000,9000,5,notify_all,2026-07-25 22:50:44,1,R1,13737,1400,12337,parts
13,19V002000_notify_all,19V002000,68673,Hardware Service,7000,9000,5,notify_all,2026-07-25 22:50:44,1,R2,13734,1400,12334,parts
13,19V002000_notify_all,19V002000,68673,Hardware Service,7000,9000,5,notify_all,2026-07-25 22:50:44,1,R3,13734,1400,12334,parts
13,19V002000_notify_all,19V002000,68673,Hardware Service,7000,9000,5,notify_all,2026-07-25 22:50:44,1,R4,13734,1400,12334,parts
13,19V002000_notify_all,19V002000,68673,Hardware Service,7000,9000,5,notify_all,2026-07-25 22:50:44,1,R5,13734,1400,12334,parts
13,19V002000_notify_all,19V002000,68673,Hardware Service,7000,9000,5,notify_all,2026-07-25 22:50:44,2,R1,0,1400,10937,parts
13,19V002000_notify_all,19V002000,68673,Hardware Service,7000,9000,5,notify_all,2026-07-25 22:50:44,2,R2,0,1400,10934,parts
13,19V002000_notify_all,19V002000,68673,Hardware Service,7000,9000,5,notify_all,2026-07-25 22:50:44,2,R3,0,1400,10934,parts
13,19V002000_notify_all,19V002000,68673,Hardware Service,7000,9000,5,notify_all,2026-07-25 22:50:44,2,R4,0,1400,10934,parts
13,19V002000_notify_all,19V002000,68673,Hardware Service,7000,9000,5,notify_all,2026-07-25 22:50:44,2,R5,0,1400,10934,parts
13,19V002000_notify_all,19V002000,68673,Hardware Service,7000,9000,5,notify_all,2026-07-25 22:50:44,3,R1,0,1400,9537,parts
13,19V002000_notify_all,19V002000,68673,Hardware Service,7000,9000,5,notify_all,2026-07-25 22:50:44,3,R2,0,1400,9534,parts
13,19V002000_notify_all,19V002000,68673,Hardware Service,7000,9000,5,notify_all,2026-07-25 22:50:44,3,R3,0,1400,9534,parts
13,19V002000_notify_all,19V002000,68673,Hardware Service,7000,9000,5,notify_all,2026-07-25 22:50:44,3,R4,0,1400,9534,parts
13,19V002000_notify_all,19V002000,68673,Hardware Service,7000,9000,5,notify_all,2026-07-25 22:50:44,3,R5,0,1400,9534,parts
13,19V002000_notify_all,19V002000,68673,Hardware Service,7000,9000,5,notify_all,2026-07-25 22:50:44,4,R1,0,1400,8137,parts
13,19V002000_notify_all,19V002000,68673,Hardware Service,7000,9000,5,notify_all,2026-07-25 22:50:44,4,R2,0,1400,8134,parts
13,19V002000_notify_all,19V002000,68673,Hardware Service,7000,9000,5,notify_all,2026-07-25 22:50:44,4,R3,0,1400,8134,parts
13,19V002000_notify_all,19V002000,68673,Hardware Service,7000,9000,5,notify_all,2026-07-25 22:50:44,4,R4,0,1400,8134,parts
13,19V002000_notify_all,19V002000,68673,Hardware Service,7000,9000,5,notify_all,2026-07-25 22:50:44,4,R5,0,1400,8134,parts
13,19V002000_notify_all,19V002000,68673,Hardware Service,7000,9000,5,notify_all,2026-07-25 22:50:44,5,R1,0,1400,6737,parts
13,19V002000_notify_all,19V002000,68673,Hardware Service,7000,9000,5,notify_all,2026-07-25 22:50:44,5,R2,0,1400,6734,parts
13,19V002000_notify_all,19V002000,68673,Hardware Service,7000,9000,5,notify_all,2026-07-25 22:50:44,5,R3,0,1400,6734,parts
13,19V002000_notify_all,19V002000,68673,Hardware Service,7000,9000,5,notify_all,2026-07-25 22:50:44,5,R4,0,1400,6734,parts
13,19V002000_notify_all,19V002000,68673,Hardware Service,7000,9000,5,notify_all,2026-07-25 22:50:44,5,R5,0,1400,6734,parts
13,19V002000_notify_all,19V002000,68673,Hardware Service,7000,9000,5,notify_all,2026-07-25 22:50:44,6,R1,0,1400,5337,parts
13,19V002000_notify_all,19V002000,68673,Hardware Service,7000,9000,5,notify_all,2026-07-25 22:50:44,6,R2,0,1400,5334,parts
13,19V002000_notify_all,19V002000,68673,Hardware Service,7000,9000,5,notify_all,2026-07-25 22:50:44,6,R3,0,1400,5334,parts
13,19V002000_notify_all,19V002000,68673,Hardware Service,7000,9000,5,notify_all,2026-07-25 22:50:44,6,R4,0,1400,5334,parts
13,19V002000_notify_all,19V002000,68673,Hardware Service,7000,9000,5,notify_all,2026-07-25 22:50:44,6,R5,0,1400,5334,parts
13,19V002000_notify_all,19V002000,68673,Hardware Service,7000,9000,5,notify_all,2026-07-25 22:50:44,7,R1,0,1400,3937,parts
13,19V002000_notify_all,19V002000,68673,Hardware Service,7000,9000,5,notify_all,2026-07-25 22:50:44,7,R2,0,1400,3934,parts
13,19V002000_notify_all,19V002000,68673,Hardware Service,7000,9000,5,notify_all,2026-07-25 22:50:44,7,R3,0,1400,3934,parts
13,19V002000_notify_all,19V002000,68673,Hardware Service,7000,9000,5,notify_all,2026-07-25 22:50:44,7,R4,0,1400,3934,parts
13,19V002000_notify_all,19V002000,68673,Hardware Service,7000,9000,5,notify_all,2026-07-25 22:50:44,7,R5,0,1400,3934,parts
13,19V002000_notify_all,19V002000,68673,Hardware Service,7000,9000,5,notify_all,2026-07-25 22:50:44,8,R1,0,1400,2537,parts
13,19V002000_notify_all,19V002000,68673,Hardware Service,7000,9000,5,notify_all,2026-07-25 22:50:44,8,R2,0,1400,2534,parts
13,19V002000_notify_all,19V002000,68673,Hardware Service,7000,9000,5,notify_all,2026-07-25 22:50:44,8,R3,0,1400,2534,parts
13,19V002000_notify_all,19V002000,68673,Hardware Service,7000,9000,5,notify_all,2026-07-25 22:50:44,8,R4,0,1400,2534,parts
13,19V002000_notify_all,19V002000,68673,Hardware Service,7000,9000,5,notify_all,2026-07-25 22:50:44,8,R5,0,1400,2534,parts
13,19V002000_notify_all,19V002000,68673,Hardware Service,7000,9000,5,notify_all,2026-07-25 22:50:44,9,R1,0,1400,1137,parts
13,19V002000_notify_all,19V002000,68673,Hardware Service,7000,9000,5,notify_all,2026-07-25 22:50:44,9,R2,0,1400,1134,parts
13,19V002000_notify_all,19V002000,68673,Hardware Service,7000,9000,5,notify_all,2026-07-25 22:50:44,9,R3,0,1400,1134,parts
13,19V002000_notify_all,19V002000,68673,Hardware Service,7000,9000,5,notify_all,2026-07-25 22:50:44,9,R4,0,1400,1134,parts
13,19V002000_notify_all,19V002000,68673,Hardware Service,7000,9000,5,notify_all,2026-07-25 22:50:44,9,R5,0,1400,1134,parts
13,19V002000_notify_all,19V002000,68673,Hardware Service,7000,9000,5,notify_all,2026-07-25 22:50:44,10,R1,0,1137,0,parts
13,19V002000_notify_all,19V002000,68673,Hardware Service,7000,9000,5,notify_all,2026-07-25 22:50:44,10,R2,0,1134,0,parts
13,19V002000_notify_all,19V002000,68673,Hardware Service,7000,9000,5,notify_all,2026-07-25 22:50:44,10,R3,0,1134,0,parts
13,19V002000_notify_all,19V002000,68673,Hardware Service,7000,9000,5,notify_all,2026-07-25 22:50:44,10,R4,0,1134,0,parts
13,19V002000_notify_all,19V002000,68673,Hardware Service,7000,9000,5,notify_all,2026-07-25 22:50:44,10,R5,0,1134,0,parts
14,19V002000_capacity_matched,19V002000,68673,Hardware Service,7000,9000,5,capacity_matched,2026-07-25 22:50:44,1,R1,1400,1400,0,parts
14,19V002000_capacity_matched,19V002000,68673,Hardware Service,7000,9000,5,capacity_matched,2026-07-25 22:50:44,1,R2,1400,1400,0,parts
14,19V002000_capacity_matched,19V002000,68673,Hardware Service,7000,9000,5,capacity_matched,2026-07-25 22:50:44,1,R3,1400,1400,0,parts
14,19V002000_capacity_matched,19V002000,68673,Hardware Service,7000,9000,5,capacity_matched,2026-07-25 22:50:44,1,R4,1400,1400,0,parts
14,19V002000_capacity_matched,19V002000,68673,Hardware Service,7000,9000,5,capacity_matched,2026-07-25 22:50:44,1,R5,1400,1400,0,parts
14,19V002000_capacity_matched,19V002000,68673,Hardware Service,7000,9000,5,capacity_matched,2026-07-25 22:50:44,2,R1,1400,1400,0,parts
14,19V002000_capacity_matched,19V002000,68673,Hardware Service,7000,9000,5,capacity_matched,2026-07-25 22:50:44,2,R2,1400,1400,0,parts
14,19V002000_capacity_matched,19V002000,68673,Hardware Service,7000,9000,5,capacity_matched,2026-07-25 22:50:44,2,R3,1400,1400,0,parts
14,19V002000_capacity_matched,19V002000,68673,Hardware Service,7000,9000,5,capacity_matched,2026-07-25 22:50:44,2,R4,1400,1400,0,parts
14,19V002000_capacity_matched,19V002000,68673,Hardware Service,7000,9000,5,capacity_matched,2026-07-25 22:50:44,2,R5,1400,1400,0,parts
14,19V002000_capacity_matched,19V002000,68673,Hardware Service,7000,9000,5,capacity_matched,2026-07-25 22:50:44,3,R1,1400,1400,0,parts
14,19V002000_capacity_matched,19V002000,68673,Hardware Service,7000,9000,5,capacity_matched,2026-07-25 22:50:44,3,R2,1400,1400,0,parts
14,19V002000_capacity_matched,19V002000,68673,Hardware Service,7000,9000,5,capacity_matched,2026-07-25 22:50:44,3,R3,1400,1400,0,parts
14,19V002000_capacity_matched,19V002000,68673,Hardware Service,7000,9000,5,capacity_matched,2026-07-25 22:50:44,3,R4,1400,1400,0,parts
14,19V002000_capacity_matched,19V002000,68673,Hardware Service,7000,9000,5,capacity_matched,2026-07-25 22:50:44,3,R5,1400,1400,0,parts
14,19V002000_capacity_matched,19V002000,68673,Hardware Service,7000,9000,5,capacity_matched,2026-07-25 22:50:44,4,R1,1400,1400,0,parts
14,19V002000_capacity_matched,19V002000,68673,Hardware Service,7000,9000,5,capacity_matched,2026-07-25 22:50:44,4,R2,1400,1400,0,parts
14,19V002000_capacity_matched,19V002000,68673,Hardware Service,7000,9000,5,capacity_matched,2026-07-25 22:50:44,4,R3,1400,1400,0,parts
14,19V002000_capacity_matched,19V002000,68673,Hardware Service,7000,9000,5,capacity_matched,2026-07-25 22:50:44,4,R4,1400,1400,0,parts
14,19V002000_capacity_matched,19V002000,68673,Hardware Service,7000,9000,5,capacity_matched,2026-07-25 22:50:44,4,R5,1400,1400,0,parts
14,19V002000_capacity_matched,19V002000,68673,Hardware Service,7000,9000,5,capacity_matched,2026-07-25 22:50:44,5,R1,1400,1400,0,parts
14,19V002000_capacity_matched,19V002000,68673,Hardware Service,7000,9000,5,capacity_matched,2026-07-25 22:50:44,5,R2,1400,1400,0,parts
14,19V002000_capacity_matched,19V002000,68673,Hardware Service,7000,9000,5,capacity_matched,2026-07-25 22:50:44,5,R3,1400,1400,0,parts
14,19V002000_capacity_matched,19V002000,68673,Hardware Service,7000,9000,5,capacity_matched,2026-07-25 22:50:44,5,R4,1400,1400,0,parts
14,19V002000_capacity_matched,19V002000,68673,Hardware Service,7000,9000,5,capacity_matched,2026-07-25 22:50:44,5,R5,1400,1400,0,parts
14,19V002000_capacity_matched,19V002000,68673,Hardware Service,7000,9000,5,capacity_matched,2026-07-25 22:50:44,6,R1,1400,1400,0,parts
14,19V002000_capacity_matched,19V002000,68673,Hardware Service,7000,9000,5,capacity_matched,2026-07-25 22:50:44,6,R2,1400,1400,0,parts
14,19V002000_capacity_matched,19V002000,68673,Hardware Service,7000,9000,5,capacity_matched,2026-07-25 22:50:44,6,R3,1400,1400,0,parts
14,19V002000_capacity_matched,19V002000,68673,Hardware Service,7000,9000,5,capacity_matched,2026-07-25 22:50:44,6,R4,1400,1400,0,parts
14,19V002000_capacity_matched,19V002000,68673,Hardware Service,7000,9000,5,capacity_matched,2026-07-25 22:50:44,6,R5,1400,1400,0,parts
14,19V002000_capacity_matched,19V002000,68673,Hardware Service,7000,9000,5,capacity_matched,2026-07-25 22:50:44,7,R1,1400,1400,0,parts
14,19V002000_capacity_matched,19V002000,68673,Hardware Service,7000,9000,5,capacity_matched,2026-07-25 22:50:44,7,R2,1400,1400,0,parts
14,19V002000_capacity_matched,19V002000,68673,Hardware Service,7000,9000,5,capacity_matched,2026-07-25 22:50:44,7,R3,1400,1400,0,parts
14,19V002000_capacity_matched,19V002000,68673,Hardware Service,7000,9000,5,capacity_matched,2026-07-25 22:50:44,7,R4,1400,1400,0,parts
14,19V002000_capacity_matched,19V002000,68673,Hardware Service,7000,9000,5,capacity_matched,2026-07-25 22:50:44,7,R5,1400,1400,0,parts
14,19V002000_capacity_matched,19V002000,68673,Hardware Service,7000,9000,5,capacity_matched,2026-07-25 22:50:44,8,R1,1400,1400,0,parts
14,19V002000_capacity_matched,19V002000,68673,Hardware Service,7000,9000,5,capacity_matched,2026-07-25 22:50:44,8,R2,1400,1400,0,parts
14,19V002000_capacity_matched,19V002000,68673,Hardware Service,7000,9000,5,capacity_matched,2026-07-25 22:50:44,8,R3,1400,1400,0,parts
14,19V002000_capacity_matched,19V002000,68673,Hardware Service,7000,9000,5,capacity_matched,2026-07-25 22:50:44,8,R4,1400,1400,0,parts
14,19V002000_capacity_matched,19V002000,68673,Hardware Service,7000,9000,5,capacity_matched,2026-07-25 22:50:44,8,R5,1400,1400,0,parts
14,19V002000_capacity_matched,19V002000,68673,Hardware Service,7000,9000,5,capacity_matched,2026-07-25 22:50:44,9,R1,1400,1400,0,parts
14,19V002000_capacity_matched,19V002000,68673,Hardware Service,7000,9000,5,capacity_matched,2026-07-25 22:50:44,9,R2,1400,1400,0,parts
14,19V002000_capacity_matched,19V002000,68673,Hardware Service,7000,9000,5,capacity_matched,2026-07-25 22:50:44,9,R3,1400,1400,0,parts
14,19V002000_capacity_matched,19V002000,68673,Hardware Service,7000,9000,5,capacity_matched,2026-07-25 22:50:44,9,R4,1400,1400,0,parts
14,19V002000_capacity_matched,19V002000,68673,Hardware Service,7000,9000,5,capacity_matched,2026-07-25 22:50:44,9,R5,1400,1400,0,parts
14,19V002000_capacity_matched,19V002000,68673,Hardware Service,7000,9000,5,capacity_matched,2026-07-25 22:50:44,10,R1,1137,1137,0,parts
14,19V002000_capacity_matched,19V002000,68673,Hardware Service,7000,9000,5,capacity_matched,2026-07-25 22:50:44,10,R2,1134,1134,0,parts
14,19V002000_capacity_matched,19V002000,68673,Hardware Service,7000,9000,5,capacity_matched,2026-07-25 22:50:44,10,R3,1134,1134,0,parts
14,19V002000_capacity_matched,19V002000,68673,Hardware Service,7000,9000,5,capacity_matched,2026-07-25 22:50:44,10,R4,1134,1134,0,parts
14,19V002000_capacity_matched,19V002000,68673,Hardware Service,7000,9000,5,capacity_matched,2026-07-25 22:50:44,10,R5,1134,1134,0,parts
